{
    "the": {
        "nameish": true, "stop": true
    },
    "and": {
        "stop": true
    },
    "&": {
        "stop": true
    },
    "at": {
        "stop": true
    },
    "for": {
        "stop": true
    },
    "in": {
        "stop": true
    },
    "of": {
        "stop": true
    },
    "none": {
        "stop": true
    },
    "independent": {
        "stop": true
    },
    "unaffiliated": {
        "stop": true
    },
    "unknown": {
        "stop": true
    },
    "any": {
        "stop": true
    },
    "all": {
        "stop": true
    },

    "a": {
        "weak": true, "nameish": 1
    },
    "b": {
        "weak": true, "nameish": 1
    },
    "c": {
        "weak": true, "nameish": 1
    },
    "d": {
        "weak": true, "nameish": 1
    },
    "e": {
        "weak": true, "nameish": 1
    },
    "f": {
        "weak": true, "nameish": 1
    },
    "g": {
        "weak": true, "nameish": 1
    },
    "h": {
        "weak": true, "nameish": 1
    },
    "i": {
        "weak": true, "nameish": 1,
        "alternate": [{"word": "institute", "if": "m t"}]
    },
    "j": {
        "weak": true, "nameish": 1
    },
    "k": {
        "weak": true, "nameish": 1
    },
    "l": {
        "weak": true, "nameish": 1
    },
    "m": {
        "weak": true, "nameish": 1,
        "alternate": [
            {"word": "mit", "if": "i t"},
            {"word": "massachusetts", "if": "i t"}
        ]
    },
    "n": {
        "weak": true, "nameish": 1
    },
    "o": {
        "weak": true, "nameish": 1
    },
    "p": {
        "weak": true, "nameish": 1
    },
    "q": {
        "weak": true, "nameish": 1
    },
    "r": {
        "weak": true, "nameish": 1
    },
    "s": {
        "weak": true, "nameish": 1
    },
    "t": {
        "weak": true, "nameish": 1,
        "alternate": [{"word": "technology", "if": "m i"}]
    },
    "u": {
        "weak": true, "nameish": 1,
        "alternate": ["university"]
    },
    "v": {
        "weak": true, "nameish": 1
    },
    "w": {
        "weak": true, "nameish": 1
    },
    "x": {
        "weak": true, "nameish": 1
    },
    "y": {
        "weak": true, "nameish": 1
    },
    "z": {
        "weak": true, "nameish": 1
    },
    "an": {
        "weak": true, "nameish": true
    },
    "at": {
        "weak": true
    },
    "de": {
        "weak": true, "nameish": true
    },
    "di": {
        "weak": true, "nameish": true
    },
    "md": {
        "weak": true
    },
    "jr": {
        "weak": true, "nameish": true
    },
    "sr": {
        "weak": true, "nameish": true
    },
    "iii": {
        "weak": true, "nameish": true
    },
    "inc": {
        "stop": true
    },

    "academia": {
        "weak": true
    },
    "academy": {
        "weak": true
    },
    "advanced": {
        "weak": true
    },
    "ai": {
        "weak": true
    },
    "analytics": {
        "weak": true
    },
    "applied": {
        "weak": true
    },
    "associates": {
        "weak": true
    },
    "association": {
        "weak": true
    },
    "business": {
        "weak": true
    },
    "bv": {
        "weak": true
    },
    "campus": {
        "weak": true
    },
    "canada": {
        "weak": true
    },
    "capital": {
        "weak": true
    },
    "catholic": {
        "weak": true
    },
    "center": {
        "weak": true
    },
    "centre": {
        "weak": true
    },
    "centrum": {
        "weak": true
    },
    "chair": {
        "weak": true
    },
    "com": {
        "weak": true
    },
    "commission": {
        "weak": true
    },
    "city": {
        "weak": true
    },
    "cnrs": {
        "weak": true
    },
    "college": {
        "weak": true
    },
    "co": {
        "weak": true
    },
    "computer": {
        "weak": true
    },
    "computing": {
        "weak": true
    },
    "conservancy": {
        "weak": true
    },
    "consulting": {
        "weak": true
    },
    "corp": {
        "weak": true
    },
    "corporation": {
        "weak": true
    },
    "denmark": {
        "weak": true
    },
    "department": {
        "weak": true
    },
    "dept": {
        "weak": true
    },
    "development": {
        "weak": true
    },
    "east": {
        "weak": true
    },
    "ecole": {
        "weak": true
    },
    "economics": {
        "weak": true
    },
    "electronic": {
        "weak": true
    },
    "electronics": {
        "weak": true
    },
    "engineering": {
        "weak": true
    },
    "faculty": {
        "weak": true
    },
    "federal": {
        "weak": true
    },
    "foundation": {
        "weak": true
    },
    "fraunhofer": {
        "weak": true
    },
    "gmbh": {
        "weak": true
    },
    "group": {
        "weak": true
    },
    "hochschule": {
        "weak": true
    },
    "hospital": {
        "weak": true
    },
    "informatics": {
        "weak": true
    },
    "information": {
        "weak": true
    },
    "institut": {
        "weak": true
    },
    "institute": {
        "weak": true,
        "alternate": [{"word": "i", "if": "massachusetts technology"}]
    },
    "instituto": {
        "weak": true
    },
    "international": {
        "weak": true
    },
    "it": {
        "weak": true
    },
    "king": {
        "weak": true
    },
    "lab": {
        "weak": true
    },
    "labs": {
        "weak": true
    },
    "laboratories": {
        "weak": true
    },
    "laboratory": {
        "weak": true
    },
    "limited": {
        "weak": true
    },
    "llc": {
        "weak": true
    },
    "london": {
        "weak": true
    },
    "ltd": {
        "weak": true
    },
    "management": {
        "weak": true
    },
    "mathematics": {
        "weak": true
    },
    "mobile": {
        "weak": true
    },
    "national": {
        "weak": true
    },
    "network": {
        "weak": true
    },
    "networks": {
        "weak": true
    },
    "new": {
        "weak": true
    },
    "north": {
        "weak": true
    },
    "org": {
        "weak": true
    },
    "paris": {
        "weak": true
    },
    "phd": {
        "weak": true
    },
    "politecnico": {
        "weak": true
    },
    "polytechnic": {
        "weak": true
    },
    "polytechnique": {
        "weak": true
    },
    "project": {
        "weak": true
    },
    "research": {
        "weak": true
    },
    "royal": {
        "weak": true
    },
    "school": {
        "weak": true
    },
    "science": {
        "weak": true
    },
    "sciences": {
        "weak": true
    },
    "security": {
        "weak": true
    },
    "service": {
        "weak": true
    },
    "services": {
        "weak": true
    },
    "student": {
        "weak": true
    },
    "software": {
        "weak": true
    },
    "south": {
        "weak": true
    },
    "standard": {
        "weak": true
    },
    "state": {
        "weak": true
    },
    "systems": {
        "weak": true
    },
    "tech": {
        "weak": true,
        "alternate": ["technology", {"word": "polytechnic", "if": "virginia"}]
    },
    "technology": {
        "weak": true,
        "alternate": [{"word": "t", "if": "massachusetts institute"}]
    },
    "technological": {
        "weak": true
    },
    "technologies": {
        "weak": true
    },
    "telecom": {
        "weak": true
    },
    "telefonica": {
        "nameish": false
    },
    "telekom": {
        "weak": true
    },
    "tokyo": {
        "weak": true
    },
    "uk": {
        "weak": true
    },
    "united": {
        "weak": true
    },
    "univ": {
        "weak": true
    },
    "universidad": {
        "weak": true
    },
    "universidade": {
        "weak": true
    },
    "universita": {
        "weak": true
    },
    "universitat": {
        "weak": true
    },
    "universite": {
        "weak": true
    },
    "universiteit": {
        "weak": true
    },
    "univeristy": {
        "weak": true, "alternate": ["university"]
    },
    "university": {
        "weak": true, "alternate": ["u", "univ", "universite"]
    },
    "west": {
        "weak": true
    },

    "africa": {
        "weak": true
    },
    "america": {
        "weak": true
    },
    "angeles": {
        "alternate": [{"word": "ucla", "if": "university california los"}]
    },
    "anu": {
        "alternate": ["australian national university"]
    },
    "arizona": {
        "sync": "state"
    },
    "arvind": {
        "nameish": true
    },
    "austin": {
        "nameish": true, "sync": "ut texas"
    },
    "australia": {
        "weak": true
    },
    "australian": {
        "alternate": [{"word": "anu", "if": "national university"}]
    },
    "bangalore": {
        "weak": true
    },
    "barbara": {
        "alternate": [{"word": "ucsb", "if": "university california santa"}],
        "nameish": true
    },
    "beijing": {
        "weak": true
    },
    "berkeley": {
        "nameish": false
    },
    "berlin": {
        "weak": true
    },
    "boston": {
        "sync": "college"
    },
    "birmingham": {
        "sync": "alabama"
    },
    "brigham": {
        "sync": "young"
    },
    "cal": {
        "weak": true,
        "alternate": [
            {"word": "california", "if": "state"},
            {"word": "csu", "if": "state"}
        ]
    },
    "california": {
        "weak": true,
        "alternate": [
            {"word": "uc", "if": "university"},
            {"word": "caltech", "if": "institute technology"},
            {"word": "csu", "if": "state"}
        ],
        "sync": "southern usc"
    },
    "caltech": {
        "alternate": ["california institute technology"]
    },
    "cambridge": {
        "weak": true
    },
    "carnegie": {
        "alternate": [{"word": "cmu", "if": "mellon"}]
    },
    "carolina": {
        "nameish": true,
        "alternate": [{"word": "ncsu", "if": "north state university"}],
        "sync": "state"
    },
    "chicago": {
        "weak": true,
        "sync": "illinois"
    },
    "china": {
        "weak": true, "nameish": true,
        "alternate": [{"word": "ustc", "if": "university science technology"}]
    },
    "chinese": {
        "weak": true
    },
    "cmu": {
        "alternate": ["carnegie mellon"]
    },
    "colorado": {
        "weak": true
    },
    "columbia": {
        "sync": "british",
        "alternate": [{"word": "ubc", "if": "british"}]
    },
    "csu": {
        "alternate": ["california state university", "cal state"]
    },
    "cuhk": {
        "alternate": ["chinese university hong kong"]
    },
    "darmstadt": {
        "weak": true
    },
    "data61": {
        "nameish": false
    },
    "delhi": {
        "weak": true
    },
    "diego": {
        "nameish": true,
        "alternate": [{"word": "ucsd", "if": "university california san"}],
        "sync": "state"
    },
    "epfl": {
        "nameish": false
    },
    "eth": {
        "alternate": [{"word": "ethz", "if": "zurich"}]
    },
    "ethz": {
        "alternate": ["eth zurich"]
    },
    "europe": {
        "weak": true
    },
    "facebook": {
        "nameish": false
    },
    "fernuniversitat": {
        "nameish": false
    },
    "florida": {
        "sync": ["state", "central", "international", "south"]
    },
    "france": {
        "weak": true
    },
    "francisco": {
        "nameish": true,
        "alternate": [{"word": "ucsf", "if": "university california san"}]
    },
    "george": {
        "weak": true, "nameish": true,
        "alternate": [{"word": "gwu", "if": "washington"}]
    },
    "georgia": {
        "weak": true,
        "sync": "tech"
    },
    "germany": {
        "weak": true
    },
    "google": {
        "nameish": false
    },
    "gwu": {
        "alternate": ["george washington university"]
    },
    "harvard": {
        "nameish": false
    },
    "hewlett": {
        "alternate": [{"word": "hp", "if": "packard"}]
    },
    "hkust": {
        "alternate": ["hong kong university science technology"]
    },
    "hong": {
        "weak": true
    },
    "hp": {
        "alternate": ["hewlett packard"]
    },
    "huawei": {
        "nameish": false
    },
    "hyderabad": {
        "weak": true
    },
    "ibm": {
        "nameish": false
    },
    "iiit": {
        "weak": true,
        "alternate": ["indian institute information technology"]
    },
    "iisc": {
        "alternate": ["indian institute science"]
    },
    "iit": {
        "weak": true,
        "alternate": ["indian institute technology"]
    },
    "illinois": {
        "weak": true,
        "alternate": [{"word": "uiuc", "if": "university"}],
        "sync": "chicago"
    },
    "india": {
        "weak": true
    },
    "indian": {
        "weak": true,
        "alternate": [
            {"word": "iisc", "if": "institute science"},
            {"word": "iit", "if": "institute technology"}
        ]
    },
    "indiana": {
        "alternate": [{"word": "iu", "if": "university"}]
    },
    "intel": {
        "nameish": false
    },
    "inria": {
        "nameish": false
    },
    "iowa": {
        "sync": "state"
    },
    "irisa": {
        "nameish": false
    },
    "irvine": {
        "alternate": [{"word": "uci", "if": "university california"}],
        "nameish": true
    },
    "israel": {
        "weak": true
    },
    "italy": {
        "weak": true
    },
    "iu": {
        "alternate": ["indiana university"]
    },
    "jiao": {
        "alternate": [{"word": "jiaotong", "if": "tong"}],
        "sync": ["beijing", "shanghai"]
    },
    "jiaotong": {
        "alternate": ["jiao tong"],
        "sync": ["beijing", "shanghai"]
    },
    "kaist": {
        "alternate": ["korea advanced institute science technology"]
    },
    "kansas": {
        "sync": ["state"]
    },
    "kong": {
        "weak": true, "nameish": true,
        "alternate": [
            {"word": "hkust", "if": "hong university science technology"},
            {"word": "cuhk", "if": "chinese hong university"},
            {"word": "uhk", "if": "hong university", "if_not": "chinese science"}
        ],
        "sync": ["chinese cuhk", "science hkust", "polytechnic"]
    },
    "korea": {
        "alternate": [{"word": "kaist", "if": "advanced institute science technology"}]
    },
    "law": {
        "weak": true
    },
    "london": {
        "weak": true,
        "alternate": [{"word": "ucl", "if": "university college"}]
    },
    "los": {
        "weak": true
    },
    "louisiana": {
        "alternate": [{"word": "lsu", "if": "university state"}],
        "sync": "state"
    },
    "lsu": {
        "alternate": ["louisiana state university"]
    },
    "maryland": {
        "sync": ["loyola"]
    },
    "massachusetts": {
        "weak": true,
        "alternate": [
            {"word": "umass", "if": "university"},
            {"word": "mit", "if": "technology"},
            {"word": "m", "if": "institute technology"}
        ]
    },
    "michigan": {
        "sync": ["state", "technological", "western"]
    },
    "microsoft": {
        "nameish": false,
        "alternate": [{"word": "msr", "if": "research"}]
    },
    "mit": {
        "alternate": ["massachusetts institute technology", "m i t"]
    },
    "mpi": {
        "alternate": ["max planck institute"]
    },
    "msr": {
        "alternate": ["microsoft research"]
    },
    "nau": {
        "alternate": ["northern arizona university"]
    },
    "ncsu": {
        "alternate": ["north carolina state university"]
    },
    "nist": {
        "alternate": ["national institute standards technology"]
    },
    "northern": {
        "sync": ["arizona", "illinois"]
    },
    "nus": {
        "alternate": ["national university singapore"]
    },
    "nyu": {
        "alternate": ["new york university"],
        "sync": ["buffalo", "city"]
    },
    "oregon": {
        "sync": "state"
    },
    "penn": {
        "weak": true, "nameish": 0,
        "alternate": ["pennsylvania"],
        "sync": "state"
    },
    "pennsylvania": {
        "weak": true,
        "alternate": [
            "penn",
            {"word": "upenn", "if": "university", "if_not": "state"}
        ],
        "sync": "state"
    },
    "planck": {
        "alternate": [{"word": "mpi", "if": "max institute"}]
    },
    "rensselaer": {
        "alternate": [{"word": "rpi", "if": "polytechnic institute"}]
    },
    "rio": {
        "weak": true
    },
    "rochester": {
        "sync": ["institute"]
    },
    "rome": {
        "sync": ["sapienza", "tor"]
    },
    "rpi": {
        "alternate": ["rensselaer polytechnic institute"]
    },
    "san": {
        "weak": true
    },
    "santa": {
        "weak": true
    },
    "shanghai": {
        "weak": true, "alternate": [{"word": "sjtu", "if": "jiao tong"}]
    },
    "singapore": {
        "weak": true, "alternate": [{"word": "nus", "if": "national university"}]
    },
    "sjtu": {
        "alternate": ["shanghai jiao tong"]
    },
    "southern": {
        "weak": true,
        "alternate": [{"word": "usc", "if": "university southern"}]
    },
    "stanford": {
        "weak": true
    },
    "standards": {
        "alternate": [{"word": "nist", "if": "national institute technology"}]
    },
    "sun": {
        "nameish": true
    },
    "suny": {
        "nameish": false
    },
    "technical": {
        "weak": true
    },
    "technische": {
        "weak": true,
        "alternate": [{"word": "tu", "if": "universitat"}, "technical"]
    },
    "technion": {
        "nameish": false
    },
    "texas": {
        "weak": true,
        "alternate": [
            {"word": "ut", "if": "university"}
        ]
    },
    "tsinghua": {
        "nameish": false
    },
    "tu": {
        "nameish": 2, "weak": true,
        "alternate": [{"word": "technische universitat"}]
    },
    "ubc": {
        "alternate": ["university british columbia"]
    },
    "uc": {
        "weak": true,
        "alternate": [
            "university california",
            {"word": "ucla", "if": "los angeles"},
            {"word": "ucsd", "if": "san diego"},
            {"word": "ucsb", "if": "santa barbara"},
            {"word": "ucsf", "if": "san francisco"}
        ]
    },
    "ucl": {
        "alternate": ["university college london"]
    },
    "ucla": {
        "alternate": ["university california los angeles", "uc los angeles"]
    },
    "ucsb": {
        "alternate": ["university california santa barbara", "uc santa barbara"]
    },
    "ucsd": {
        "alternate": ["university california san diego", "uc san diego"]
    },
    "ucsf": {
        "alternate": ["university california san francisco", "uc san francisco"]
    },
    "uci": {
        "alternate": ["university california irvine", "uc irvine"]
    },
    "uhk": {
        "alternate": ["university hong kong"]
    },
    "uic": {
        "alternate": ["university illinois chicago"]
    },
    "uiuc": {
        "alternate": ["university illinois urbana champaign", "university illinois"],
        "sync": "chicago"
    },
    "umass": {
        "alternate": ["university massachusetts"]
    },
    "unsw": {
        "alternate": ["university new south wales"]
    },
    "upenn": {
        "alternate": ["university pennsylvania"]
    },
    "upmc": {
        "nameish": false
    },
    "urbana": {
        "alternate": [{"word": "uiuc", "if": "university illinois champaign"}]
    },
    "usa": {
        "weak": true
    },
    "usc": {
        "alternate": ["university southern california"]
    },
    "ustc": {
        "alternate": ["university science technology china"]
    },
    "ut": {
        "weak": true,
        "alternate": [
            {"word": "university texas", "if": "austin"},
            {"word": "university texas", "if": "dallas"}
        ]
    },
    "utah": {
        "sync": "state"
    },
    "uva": {
        "alternate": ["university virginia"]
    },
    "uw": {
        "weak": true,
        "alternate": [
            {"word": "university wisconsin", "if": "madison"},
            {"word": "university washington", "if_not": "madison"}
        ],
        "sync": "madison"
    },
    "virginia": {
        "weak": true,
        "alternate": [
            {"word": "uva", "if": "university"},
            {"word": "vt", "if": "tech"}
        ],
        "sync": ["commonwealth", "rensselaer"]
    },
    "vt": {
        "alternate": ["virginia tech"]
    },
    "wales": {
        "alternate": [
            {"word": "unsw", "if": "university new south"}
        ]
    },
    "washington": {
        "weak": true,
        "nameish": true,
        "alternate": [
            {"word": "uw", "if": "university"}
        ],
        "sync": ["george", "lee", "state", "louis"]
    },
    "western": {
        "sync": ["case", "australia"]
    },
    "wien": {
        "weak": true
    },
    "wisconsin": {
        "alternate": [
            {"word": "uw", "if": "university madison"}
        ]
    },
    "xi": {
        "weak": true, "nameish": true
    },
    "york": {
        "weak": true,
        "alternate": [
            {"word": "nyu", "if": "new university"}
        ],
        "sync": ["new", "buffalo", "city"]
    },
    "zurich": {
        "weak": true
    }
}
