[
    {
        "name": "acceptreview", "post": true,
        "function": "RequestReview_API::acceptreview",
        "parameters": "p r",
        "response": "action review_site_relative"
    },
    {
        "name": "account", "get": true,
        "function": "User_API::account",
        "parameters": "email",
        "response": "email disabled placeholder"
    },
    {
        "name": "account", "post": true,
        "function": "User_API::account",
        "parameters": "email ?disable ?enable ?sendinfo",
        "response": "email disabled placeholder"
    },
    {
        "name": "alltags", "get": true,
        "function": "AllTags_API::run",
        "response": "tags ?readonly_tagmap ?sitewide_tagmap"
    },
    {
        "name": "archivelisting", "get": true,
        "function": "Document_API::archivelisting",
        "parameters": "?doc ?<file ?p ?dt ?docid ?attachment ?version ?<at ?consolidated",
        "response": "listing ?consolidated_listing"
    },
    {
        "name": "assign", "post": true,
        "function": "Assign_API::assign",
        "parameters": "?p ?dry_run ?quiet ?summary ?csv ?forceShow ?search ?upload ?=assignments",
        "response": "?dry_run valid ?assigned_actions ?assigned_pids ?output ?output_header ?papers ?ids ?groups ?search_params"
    },
    {
        "name": "assigners", "get": true,
        "function": "Assign_API::assigners",
        "response": "assigners"
    },
    {
        "name": "assigntags", "post": true,
        "function": "Tags_API::assigntags",
        "parameters": "=tagassignment ?=search",
        "response": "p ?ids ?groups ?hotlist ?search_params"
    },
    {
        "name": "autoassign", "post": true,
        "function": "Autoassign_API::autoassign",
        "parameters": "autoassigner ?dry_run ?minimal_dry_run q ?t ?u ?disjoint ?param"
    },
    {
        "name": "autoassigners", "get": true,
        "function": "Autoassign_API::autoassigners",
        "response": "autoassigners"
    },
    {
        "name": "claimreview", "post": true, "paper": true,
        "function": "RequestReview_API::claimreview",
        "parameters": "r email",
        "response": "action review_site_relative"
    },
    {
        "name": "clickthrough", "post": true,
        "function": "User_API::clickthrough",
        "parameters": "?p ?=accept =clickthrough_id =clickthrough_type =clickthrough_time"
    },
    {
        "name": "comment", "get": true, "paper": true,
        "function": "Comment_API::run",
        "parameters": "?c ?content",
        "response": "?comment ?comments"
    },
    {
        "name": "comment", "post": true, "paper": true,
        "function": "Comment_API::run",
        "parameters": "c ?override ?=text ?=:attachment ?=tags ?=topic ?=visibility ?=ready ?=draft ?=blind ?=response ?=by_author ?=review_token ?delete",
        "response": "?comment ?conflict"
    },
    {
        "name": "cspreport", "post": true, "check_token": false,
        "function": "Error_API::cspreport"
    },
    {
        "name": "declinereview", "post": true,
        "function": "RequestReview_API::declinereview",
        "parameters": "p r ?=reason",
        "response": "action ?reason review_site_relative"
    },
    {
        "name": "decision", "get": true, "paper": true,
        "function": "Decision_API::run",
        "response": "decision decision_html ?editable"
    },
    {
        "name": "decision", "post": true, "paper": true,
        "function": "Decision_API::run",
        "parameters": "=decision",
        "response": "decision decision_html ?editable"
    },
    {
        "name": "document", "get": true,
        "function": "Document_API::document",
        "parameters": "?doc ?p ?dt ?attachment ?hash ?docid ?<at ?attachment"
    },
    {
        "name": "documenthistory", "get": true,
        "function": "Document_API::documenthistory",
        "parameters": "?doc ?p ?dt",
        "response": "dt document_history"
    },
    {
        "name": "events", "get": true,
        "function": "Events_API::run",
        "parameters": "?from",
        "response": "from to rows more"
    },
    {
        "name": "fieldtext", "get": true,
        "function": "Search_API::fieldtext"
    },
    {
        "name": "fieldhtml", "get": true,
        "function": "Search_API::fieldhtml",
        "parameters": "f ?session q ?t ?qt ?reviewer ?sort ?scoresort",
        "response": "fields data ?stat ?classes ?attr"
    },
    {
        "name": "follow", "post": true, "paper": true, "xxx": true,
        "function": "Follow_API::run",
        "parameters": "?u =following",
        "response": "following"
    },
    {
        "name": "formatcheck", "get": true,
        "function": "FormatCheck_API::run",
        "parameters": "?doc ?<file ?p ?dt ?attachment ?hash ?docid ?<at ?soft",
        "response": "npages nwords problem_fields has_error docid"
    },
    {
        "name": "graphdata", "get": true,
        "function": "GraphData_API::graphdata"
    },
    {
        "name": "job", "get": true,
        "function": "Job_API::job",
        "parameters": "job ?output",
        "response": "status update_at ?output ?output_base64 *"
    },
    {
        "name": "jserror", "post": true, "check_token": false,
        "function": "Error_API::jserror",
        "parameters": "=error ?=url ?=lineno ?=colno ?=stack"
    },
    {
        "name": "lead", "get": true, "paper": true,
        "function": "PaperPC_API::lead_api",
        "response": "lead lead_html ?color_classes"
    },
    {
        "name": "lead", "post": true, "paper": true,
        "function": "PaperPC_API::lead_api",
        "parameters": "=lead",
        "response": "lead lead_html ?color_classes"
    },
    {
        "name": "mailtext", "get": true,
        "function": "Mail_API::mailtext",
        "parameters": "?template ?p ?r ?email ?given_name ?family_name ?affiliation ?reason ?width ?text ?subject ?body",
        "response": "?templates ?subject ?body"
    },
    {
        "name": "manager", "get": true, "paper": true,
        "function": "PaperPC_API::manager_api",
        "response": "manager manager_html ?color_classes"
    },
    {
        "name": "manager", "post": true, "paper": true,
        "function": "PaperPC_API::manager_api",
        "parameters": "=manager",
        "response": "manager manager_html ?color_classes"
    },
    {
        "name": "administrator", "alias": "manager", "get": true, "post": true
    },
    {
        "name": "namedformula", "get": true,
        "function": "SearchConfig_API::namedformula",
        "response": "formulas"
    },
    {
        "name": "namedformula", "post": true,
        "function": "SearchConfig_API::save_namedformula",
        "parameters": "=:formula",
        "response": "formulas"
    },
    {
        "name": "namedsearch", "get": true, "allow_if": "pc",
        "function": "SearchConfig_API::namedsearch",
        "response": "searches"
    },
    {
        "name": "namedsearch", "post": true,
        "function": "SearchConfig_API::save_namedsearch",
        "response": "searches"
    },
    {
        "name": "mentioncompletion", "get": true,
        "function": "Completion_API::mentioncompletion_api",
        "parameters": "?p",
        "response": "mentioncompletion"
    },
    {
        "name": "oauthtoken", "post": true, "allow_disabled": true, "check_token": false,
        "function": "HotCRP\\Authorize_Page::oauthtoken_api"
    },
    {
        "name": "paper", "get": true,
        "function": "Paper_API::run_one",
        "parameters": "p ?forceShow",
        "response": "?paper"
    },
    {
        "name": "paper", "post": true,
        "function": "Paper_API::run_one",
        "parameters": "?p ?+dry_run ?+disable_users ?+add_topics ?+notify ?+notify_authors ?+reason ?+json ?forceShow",
        "response": "?+dry_run +change_list +valid ?+pid ?paper"
    },
    {
        "name": "paper", "delete": true, "paper": true,
        "function": "Paper_API::run_one",
        "parameters": "p ?dry_run ?notify ?notify_authors ?reason ?forceShow"
    },
    {
        "name": "papers", "get": true,
        "function": "Paper_API::run_multi",
        "parameters": "q ?t ?qt ?scoresort ?sort ?reviewer ?warn_missing ?forceShow",
        "response": "?papers"
    },
    {
        "name": "papers", "post": true,
        "function": "Paper_API::run_multi",
        "parameters": "?q ?t ?qt ?sort ?scoresort ?reviewer ?+dry_run ?+disable_users ?+add_topics ?+notify ?+notify_authors ?+reason ?+json ?forceShow",
        "response": "?papers ?dry_run ?status_list"
    },
    {
        "name": "pc", "get": true,
        "function": "PaperPC_API::pc_api",
        "parameters": "?ui",
        "response": "pc ?tags ?sort ?p"
    },
    {
        "name": "reauth", "post": true,
        "function": "Session_API::reauth",
        "parameters": "?confirm ?=reason ?=email ?=password ?=totpcode"
    },
    {
        "name": "requestreview", "post": true, "paper": true,
        "function": "RequestReview_API::requestreview",
        "parameters": "?round =email ?=given_name ?=family_name ?=name ?=affiliation ?=override ?=reason"
    },
    {
        "name": "review", "get": true, "paper": true,
        "function": "Review_API::run_one"
    },
    {
        "name": "reviews", "get": true,
        "function": "Review_API::run_multi"
    },
    {
        "name": "reviewhistory", "get": true, "paper": true,
        "function": "ReviewMeta_API::reviewhistory"
    },
    {
        "name": "reviewfieldlibrary", "get": true, "allow_if": "chair",
        "function": "Settings_API::reviewfieldlibrary",
        "response": "samples types"
    },
    {
        "name": "reviewrating", "get": true, "paper": true,
        "function": "ReviewMeta_API::reviewrating",
        "parameters": "r",
        "response": "?ratings ?user_rating"
    },
    {
        "name": "reviewrating", "post": true, "paper": true,
        "function": "ReviewMeta_API::reviewrating",
        "parameters": "r =user_rating",
        "response": "?ratings ?user_rating"
    },
    {
        "name": "reviewround", "post": true, "xxx": true, "paper": true,
        "function": "ReviewMeta_API::reviewround"
    },
    {
        "name": "reviewtoken", "get": true, "post": true,
        "function": "ReviewToken_API::run"
    },
    {
        "name": "revpref", "get": true,
        "function": "Preference_API::pref_api",
        "parameters": "p ?u",
        "response": "value pref ?prefexp ?topic_score"
    },
    {
        "name": "revpref", "post": true,
        "function": "Preference_API::pref_api",
        "parameters": "p ?u =pref",
        "response": "value pref ?prefexp ?topic_score"
    },
    {
        "name": "reviewpref", "alias": "revpref", "get": true, "post": true
    },
    {
        "name": "pref", "alias": "revpref", "get": true, "post": true
    },
    {
        "name": "search", "get": true,
        "function": "Search_API::search",
        "parameters": "q ?t ?qt ?sort ?scoresort ?reviewer ?report ?warn_missing ?hotlist ?f ?format ?search ?session",
        "response": "ids groups search_params ?hotlist ?fields ?papers ?statistics"
    },
    {
        "name": "displayfields", "get": true,
        "function": "Completion_API::displayfields_api",
        "response": "fields"
    },
    {
        "name": "searchactions", "get": true,
        "function": "Search_API::searchactions",
        "response": "actions"
    },
    {
        "name": "searchaction", "get": true, "post": true,
        "function": "Search_API::searchaction",
        "parameters": "?action q ?t ?qt ?sort ?report ?scoresort ?reviewer ?p"
    },
    {
        "name": "searchcompletion", "get": true,
        "function": "Completion_API::searchcompletion_api",
        "response": "searchcompletion"
    },
    {
        "name": "session", "get": true, "allow_disabled": true,
        "function": "Session_API::getsession",
        "response": "sessioninfo"
    },
    {
        "name": "session", "post": true,
        "function": "Session_API::setsession",
        "parameters": "v",
        "response": "sessioninfo"
    },
    {
        "name": "settingdescriptions", "get": true,
        "function": "Settings_API::descriptions",
        "response": "setting_descriptions"
    },
    {
        "name": "settings", "get": true, "post": true,
        "function": "Settings_API::run",
        "parameters": "?+dry_run ?=settings ?+filename ?filter ?exclude ?reset",
        "response": "?+dry_run +valid +change_list settings"
    },
    {
        "name": "share", "get": true, "post": true, "delete": true, "paper": true,
        "functions": "Sharing_API::run",
        "parameters": "+share ?+expires_in"
    },
    {
        "name": "shepherd", "get": true, "paper": true,
        "function": "PaperPC_API::shepherd_api",
        "response": "shepherd shepherd_html ?color_classes"
    },
    {
        "name": "shepherd", "post": true, "paper": true,
        "function": "PaperPC_API::shepherd_api",
        "parameters": "=shepherd",
        "response": "shepherd shepherd_html ?color_classes"
    },
    {
        "name": "stashmessages", "post": true,
        "function": "Session_API::stashmessages",
        "parameters": "=message_list",
        "response": "smsg"
    },
    {
        "name": "submissionfieldlibrary", "get": true, "allow_if": "chair",
        "function": "Settings_API::submissionfieldlibrary",
        "response": "samples types"
    },
    {
        "name": "taganno", "get": true,
        "function": "TagAnno_API::get",
        "parameters": "tag ?search",
        "response": "tag editable anno ?ids ?groups ?hotlist ?search_params"
    },
    {
        "name": "taganno", "post": true,
        "function": "TagAnno_API::set",
        "parameters": "tag ?search =anno",
        "response": "tag editable anno ?ids ?groups ?hotlist ?search_params"
    },
    {
        "name": "tagmessages", "get": true, "paper": true,
        "function": "Tags_API::tagmessages_api",
        "response": "pid"
    },
    {
        "name": "tags", "get": true, "paper": true,
        "function": "Tags_API::run",
        "response": "pid tags tags_edit_text tags_view_html tag_decoration_html color_classes ?tags_conflicted ?color_classes_conflicted"
    },
    {
        "name": "tags", "post": true, "paper": true,
        "function": "Tags_API::run",
        "parameters": "?=tags ?=addtags ?=deltags ?=search",
        "response": "pid ?tags ?tags_edit_text ?tags_view_html ?tag_decoration_html ?color_classes ?tags_conflicted ?color_classes_conflicted ?ids ?groups ?hotlist ?search_params"
    },
    {
        "name": "track", "post": true,
        "parameters": "track ?tracker_start_at ?p ?=hotlist-info"
    },
    {
        "name": "trackerconfig", "post": true,
        "function": "TrackerConfig_API::run",
        "parameters": "?=stopall ?=:tr ?=:has_tr",
        "response": "?tracker ?tracker_recent ?tracker_status ?now tracker_status_at tracker_eventid ?new_trackerid ?tracker_site"
    },
    {
        "name": "trackerstatus", "get": true,
        "function": "MeetingTracker::trackerstatus_api"
    },
    {
        "name": "upload", "post": true,
        "function": "Upload_API::run",
        "parameters": "?p ?dt ?<dtype ?start ?temp ?offset ?size ?finish ?token ?cancel ?=mimetype ?=filename ?@blob",
        "response": "token ?dt ?filename ?mimetype ?size ?ranges ?hash ?crc32 ?progress_value ?progress_max"
    },
    {
        "name": "user", "get": true,
        "function": "User_API::user",
        "parameters": "email ?p ?potential_conflict",
        "response": "match ?email ?given_name ?family_name ?affiliation ?potential_conflict ?orcid ?country"
    },
    {
        "name": "viewoptions", "get": true,
        "function": "SearchConfig_API::viewoptions",
        "parameters": "?report ?q",
        "response": "report display_current display_default display_difference display_default_message_list"
    },
    {
        "name": "viewoptions", "post": true,
        "function": "SearchConfig_API::viewoptions",
        "parameters": "?report ?q =display",
        "response": "report display_current display_default display_difference display_default_message_list"
    },
    {
        "name": "votereport", "get": true, "paper": true,
        "function": "Tags_API::votereport_api",
        "parameters": "tag",
        "response": "vote_report"
    },
    {
        "name": "whoami", "get": true,
        "function": "Session_API::whoami",
        "response": "?email ?given_name ?family_name ?affiliation"
    }
]
