[
    {
        "name": "none", "parser_class": "Null_AssignmentParser",
        "order": false
    },
    {   "name": "null", "alias": "none"   },
    {
        "name": "error", "parser_class": "Error_AssignmentParser"
    },
    {
        "name": "warning", "parser_class": "Error_AssignmentParser"
    },
    {
        "name": "review", "parser_class": "Review_AssignmentParser",
        "review_type": null,
        "parameters": ["!user:user", "!review_type:rtype", "review_round:round"],
        "description": "Assign review",
        "order": -1
    },
    {
        "name": "metareview", "parser_class": "Review_AssignmentParser",
        "review_type": "meta",
        "parameters": ["!user:user", "review_round:round"],
        "group": "review", "description": "Assign metareview"
    },
    {   "name": "meta", "alias": "metareview"   },
    {
        "name": "primaryreview", "parser_class": "Review_AssignmentParser",
        "review_type": "primary",
        "parameters": ["!user:user", "review_round:round"],
        "group": "review", "description": "Assign primary review"
    },
    {   "name": "pri", "alias": "primaryreview"   },
    {   "name": "primary", "alias": "primaryreview"   },
    {
        "name": "secondaryreview", "parser_class": "Review_AssignmentParser",
        "review_type": "secondary",
        "parameters": ["!user:user", "review_round:round"],
        "group": "review", "description": "Assign secondary review"
    },
    {   "name": "sec", "alias": "secondaryreview"   },
    {   "name": "secondary", "alias": "secondaryreview"   },
    {
        "name": "pcreview", "parser_class": "Review_AssignmentParser",
        "review_type": "optional",
        "parameters": ["!user:user", "review_round:round"],
        "group": "review", "description": "Assign optional PC review"
    },
    {   "name": "optionalreview", "alias": "pcreview"   },
    {   "name": "optionalpcreview", "alias": "pcreview"   },
    {
        "name": "externalreview", "parser_class": "Review_AssignmentParser",
        "review_type": "external",
        "parameters": ["!user:user", "review_round:round"],
        "group": "review", "description": "Assign external review"
    },
    {   "name": "ext", "alias": "externalreview"   },
    {   "name": "external", "alias": "externalreview"   },
    {   "name": "extreview", "alias": "externalreview"   },
    {
        "name": "clearreview", "parser_class": "Review_AssignmentParser",
        "review_type": "none",
        "parameters": ["!user:user", "review_type:rtype", "review_round:round"],
        "group": "review", "description": "Remove review assignment"
    },
    {   "name": "noreview", "alias": "clearreview"   },
    {   "name": "unassignreview", "alias": "clearreview"   },
    {
        "name": "clearprimaryreview", "parser_class": "Review_AssignmentParser",
        "review_type": "none", "old_review_type": "primary",
        "parameters": ["!user:user", "review_round:round"]
    },
    {   "name": "clearpri", "alias": "clearprimaryreview"   },
    {   "name": "clearprimary", "alias": "clearprimaryreview"   },
    {
        "name": "clearsecondaryreview", "parser_class": "Review_AssignmentParser",
        "review_type": "none", "old_review_type": "secondary",
        "parameters": ["!user:user", "review_round:round"]
    },
    {   "name": "clearsec", "alias": "clearsecondaryreview"   },
    {   "name": "clearsecondary", "alias": "clearsecondaryreview"   },
    {
        "name": "clearpcreview", "parser_class": "Review_AssignmentParser",
        "review_type": "none", "old_review_type": "optional",
        "parameters": ["!user:user", "review_round:round"]
    },
    {   "name": "clearoptional", "alias": "clearpcreview"   },
    {   "name": "clearoptionalreview", "alias": "clearpcreview"   },
    {   "name": "clearoptionalpcreview", "alias": "clearpcreview"   },
    {
        "name": "clearmetareview", "parser_class": "Review_AssignmentParser",
        "review_type": "none", "old_review_type": "meta",
        "parameters": ["!user:user", "review_round:round"]
    },
    {   "name": "clearmeta", "alias": "clearmetareview"   },
    {
        "name": "clearexternalreview", "parser_class": "Review_AssignmentParser",
        "review_type": "none", "old_review_type": "external",
        "parameters": ["!user:user", "review_round:round"]
    },
    {   "name": "clearext", "alias": "clearexternalreview"   },
    {   "name": "clearexternal", "alias": "clearexternalreview"   },
    {   "name": "clearextreview", "alias": "clearexternalreview"   },
    {
        "name": "unsubmitreview", "parser_class": "UnsubmitReview_AssignmentParser",
        "parameters": ["!user:user", "review_type:rtype", "review_round:round"],
        "description": "Unsubmit review"
    },
    {
        "name": "lead", "parser_class": "Lead_AssignmentParser",
        "type": "lead", "remove": false,
        "parameters": ["!user:user"],
        "description": "Set discussion lead"
    },
    {
        "name": "clearlead", "parser_class": "Lead_AssignmentParser",
        "type": "lead", "remove": true,
        "order": false, "parameters": []
    },
    {   "name": "nolead", "alias": "clearlead"   },
    {
        "name": "shepherd", "parser_class": "Lead_AssignmentParser",
        "type": "shepherd", "remove": false,
        "parameters": ["!user:user"],
        "description": "Set shepherd"
    },
    {
        "name": "clearshepherd", "parser_class": "Lead_AssignmentParser",
        "type": "shepherd", "remove": true,
        "order": false, "parameters": []
    },
    {   "name": "noshepherd", "alias": "clearshepherd"   },
    {
        "name": "administrator", "parser_class": "Lead_AssignmentParser",
        "type": "manager", "remove": false,
        "parameters": ["!user:user"],
        "description": "Set submission administrator"
    },
    {   "name": "admin", "alias": "administrator"   },
    {   "name": "manager", "alias": "administrator"   },
    {
        "name": "clearadministrator", "parser_class": "Lead_AssignmentParser",
        "type": "manager", "remove": true,
        "order": false, "parameters": []
    },
    {   "name": "clearmanager", "alias": "clearadministrator"   },
    {   "name": "clearadmin", "alias": "clearadministrator"   },
    {   "name": "noadministrator", "alias": "clearadministrator"   },
    {   "name": "nomanager", "alias": "clearadministrator"   },
    {   "name": "noadmin", "alias": "clearadministrator"   },
    {
        "name": "conflict", "parser_class": "Conflict_AssignmentParser",
        "remove": false, "iscontact": false,
        "parameters": ["!user:user", "conflict_type$"],
        "description": "Set PC conflict status"
    },
    {
        "name": "clearconflict", "parser_class": "Conflict_AssignmentParser",
        "remove": true, "iscontact": false,
        "order": false, "parameters": ["user"]
    },
    {   "name": "noconflict", "alias": "clearconflict"   },
    {
        "name": "contact", "parser_class": "Conflict_AssignmentParser",
        "remove": false, "iscontact": true,
        "parameters": ["!user:user"],
        "description": "Add to contact authors"
    },
    {
        "name": "clearcontact", "parser_class": "Conflict_AssignmentParser",
        "remove": true, "iscontact": true,
        "parameters": ["!user:user"], "group": "contact",
        "description": "Remove from contact authors"
    },
    {   "name": "nocontact", "alias": "clearcontact"   },
    {
        "name": "tag", "parser_class": "Tag_AssignmentParser",
        "remove": null, "next": false,
        "parameters": ["!tag:tag", "tag_value:float"],
        "description": "Modify tag"
    },
    {   "name": "settag", "alias": "tag"   },
    {   "name": "addtag", "alias": "tag"   },
    {
        "name": "cleartag", "parser_class": "Tag_AssignmentParser",
        "remove": true,
        "parameters": ["!tag:tag"], "group": "tag",
        "description": "Remove tag"
    },
    {   "name": "notag", "alias": "cleartag"   },
    {
        "name": "nexttag", "parser_class": "Tag_AssignmentParser",
        "remove": false, "next": true,
        "parameters": ["!tag:tag"], "group": "tag",
        "description": "Add to tag order"
    },
    {
        "name": "seqnexttag", "parser_class": "Tag_AssignmentParser",
        "remove": false, "next": "seq",
        "parameters": ["!tag:tag"], "group": "tag",
        "description": "Add to gapless tag order"
    },
    {   "name": "seqtag", "alias": "seqnexttag"   },
    {   "name": "nextseqtag", "alias": "seqnexttag"   },
    {
        "name": "copytag", "parser_class": "CopyTag_AssignmentParser",
        "move": false,
        "parameters": ["!tag:tag", "!new_tag:tag", "tag_value:float", "tag_anno"], "group": "tag",
        "description": "Copy tag"
    },
    {
        "name": "movetag", "parser_class": "CopyTag_AssignmentParser",
        "move": true,
        "parameters": ["!tag", "!new_tag", "tag_value:float", "tag_anno"], "group": "tag",
        "description": "Rename tag"
    },
    {   "name": "renametag", "alias": "movetag"   },
    {
        "name": "pref", "parser_class": "Preference_AssignmentParser",
        "parameters": ["!user:user", "!preference#", "expertise=X|Y|Z"],
        "description": "Set reviewer preference"
    },
    {   "name": "preference", "alias": "pref"   },
    {   "name": "revpref", "alias": "pref"   },
    {
        "name": "decision", "parser_class": "Decision_AssignmentParser",
        "remove": false,
        "parameters": ["!decision$"],
        "description": "Set decision"
    },
    {
        "name": "cleardecision", "parser_class": "Decision_AssignmentParser",
        "remove": true,
        "parameters": [], "group": "decision", "order": false
    },
    {
        "name": "submit", "parser_class": "Status_AssignmentParser",
        "type": "submit",
        "parameters": [], "description": "Mark submission as ready for review"
    },
    {
        "name": "unsubmit", "parser_class": "Status_AssignmentParser",
        "type": "unsubmit", "group": "submit",
        "parameters": [], "description": "Mark submission as not ready for review"
    },
    {
        "name": "withdraw", "parser_class": "Status_AssignmentParser",
        "type": "withdraw", "group": "submit",
        "parameters": [], "description": "Withdraw submission"
    },
    {
        "name": "revive", "parser_class": "Status_AssignmentParser",
        "type": "revive", "group": "submit",
        "parameters": [], "description": "Revive (unwithdraw) submission"
    },
    {   "name": "unwithdraw", "alias": "revive"   },
    {
        "name": "follow", "parser_class": "Follow_AssignmentParser",
        "parameters": ["!user:user", "!following$"], "default_follow": "yes",
        "description": "Follow or block review and comment notifications"
    },
    {
        "name": "unfollow", "parser_class": "Follow_AssignmentParser",
        "parameters": ["!user:user"], "default_follow": "no", "order": false,
        "description": "Block review and comment notifications"
    },
    {   "name": "nofollow", "alias": "unfollow"   },
    {
        "name": "clearfollow", "parser_class": "Follow_AssignmentParser",
        "parameters": ["!user:user"], "default_follow": "clear", "order": false,
        "description": "Default notifications for reviews and comments"
    },
    {
        "name": "share", "parser_class": "Sharing_AssignmentParser",
        "parameters": ["share=yes|no|new|reset", "expires_in$"], "default_share": "yes",
        "description": "Enable or disable author’s share link"
    },
    {
        "name": "unshare", "parser_class": "Sharing_AssignmentParser",
        "default_share": "no",
        "description": "Disable author’s share link"
    }
]
