[
    {
        "name": "prefconflict",
        "description": "<0>Assign conflicts where review preference is -100 or less",
        "function": "+PrefConflict_Autoassigner"
    },
    {
        "name": "clear",
        "function": "+Clear_Autoassigner",
        "description": "<0>Clear assignments",
        "parameters": ["!type$"]
    },
    {
        "name": "lead",
        "function": "+PaperPC_Autoassigner",
        "description": "<0>Assign discussion lead",
        "parameters": [
            "!score$",
            "allow_incomplete",
            "method",
            "balance",
            "max_load",
            "max_load_tag"
        ]
    },
    {
        "name": "shepherd",
        "function": "+PaperPC_Autoassigner",
        "description": "<0>Assign shepherd",
        "parameters": ["$lead"]
    },
    {
        "name": "__review_parameters",
        "parameters": [
            "rtype",
            "round",
            "method",
            "balance",
            "load=all|rtype|round",
            "max_load",
            "max_load_tag",
            "review_gadget=plain|expertise",
            "expertise",
            "assignment_cost#",
            "preference_cost#",
            "expertise_x_cost#",
            "expertise_y_cost#"
        ]
    },
    {
        "name": "review",
        "function": "+Review_Autoassigner",
        "description": "<0>Assign new reviews",
        "parameters": [
            "!count#+ Number of reviews to assign per submission",
            "$__review_parameters"
        ]
    },
    {
        "name": "review_ensure",
        "function": "+Review_Autoassigner",
        "description": "<0>Ensure a minimum number of reviews",
        "parameters": [
            "!count#+ Number of reviews to ensure per submission",
            "$__review_parameters"
        ]
    },
    {
        "name": "review_adjust",
        "function": "+Review_Autoassigner",
        "description": "<0>Adjust existing review assignment to account for preference changes",
        "parameters": [
            "!count#+ Number of reviews to ensure per submission",
            "$__review_parameters",
            "remove_assignment_cost#"
        ]
    },
    {
        "name": "review_per_pc",
        "function": "+Review_Autoassigner",
        "description": "<0>Assign each PC member a number of reviews",
        "parameters": [
            "!count#+ Number of reviews to assign per PC member",
            "$__review_parameters"
        ]
    },
    {
        "name": "discussion_order",
        "function": "+DiscussionOrder_Autoassigner",
        "description": "<0>Create discussion order",
        "parameters": ["!tag:tag Destination tag"]
    }
]
