[
    {"name": "my", "args": 1, "function": "My_Fexpr::make"},
    {"name": "all", "args": 1, "function": "All_Fexpr::make", "parse_modifier_function": "Aggregate_Fexpr::parse_modifier"},
    {"name": "any", "args": 1, "function": "All_Fexpr::make", "parse_modifier_function": "Aggregate_Fexpr::parse_modifier"},
    {"name": "some", "args": 1, "function": "Some_Fexpr::make", "parse_modifier_function": "Aggregate_Fexpr::parse_modifier"},
    {"name": "avg", "args": 1, "function": "Mean_Fexpr::make", "parse_modifier_function": "Aggregate_Fexpr::parse_modifier"},
    {"name": "average", "alias": "avg"},
    {"name": "mean", "alias": "avg"},
    {"name": "wavg", "args": true, "function": "Wavg_Fexpr::make", "parse_modifier_function": "Aggregate_Fexpr::parse_modifier"},
    {"name": "median", "args": 1, "function": "Quantile_Fexpr::make", "parse_modifier_function": "Aggregate_Fexpr::parse_modifier"},
    {"name": "quantile", "args": 2, "function": "Quantile_Fexpr::make", "parse_modifier_function": "Aggregate_Fexpr::parse_modifier"},
    {"name": "count", "args": 1, "function": "Count_Fexpr::make", "parse_modifier_function": "Aggregate_Fexpr::parse_modifier"},
    {"name": "min", "args": true, "function": "Extremum_Fexpr::make", "parse_modifier_function": "Aggregate_Fexpr::parse_modifier"},
    {"name": "max", "args": true, "function": "Extremum_Fexpr::make", "parse_modifier_function": "Aggregate_Fexpr::parse_modifier"},
    {"name": "atminof", "args": 2, "function": "ArgExtremum_Fexpr::make", "parse_modifier_function": "Aggregate_Fexpr::parse_modifier"},
    {"name": "atmaxof", "args": 2, "function": "ArgExtremum_Fexpr::make", "parse_modifier_function": "Aggregate_Fexpr::parse_modifier"},
    {"name": "argmin", "args": 2, "function": "ArgExtremum_Fexpr::make", "parse_modifier_function": "Aggregate_Fexpr::parse_modifier"},
    {"name": "argmax", "args": 2, "function": "ArgExtremum_Fexpr::make", "parse_modifier_function": "Aggregate_Fexpr::parse_modifier"},
    {"name": "sum", "args": 1, "function": "Sum_Fexpr::make", "parse_modifier_function": "Aggregate_Fexpr::parse_modifier"},
    {"name": "stddev", "args": 1, "function": "Variance_Fexpr::make", "parse_modifier_function": "Variance_Fexpr::parse_modifier"},
    {"name": "std", "alias": "stddev"},
    {"name": "stdev", "alias": "stddev"},
    {"name": "stdev_samp", "alias": "stddev"},
    {"name": "stddev_samp", "alias": "stddev"},
    {"name": "stddev_pop", "args": 1, "function": "Variance_Fexpr::make", "parse_modifier_function": "Variance_Fexpr::parse_modifier"},
    {"name": "stdev_pop", "alias": "stddev_pop"},
    {"name": "variance", "args": 1, "function": "Variance_Fexpr::make", "parse_modifier_function": "Variance_Fexpr::parse_modifier"},
    {"name": "var", "alias": "variance"},
    {"name": "var_samp", "alias": "variance"},
    {"name": "variance_samp", "alias": "variance"},
    {"name": "variance_pop", "args": 1, "function": "Variance_Fexpr::make", "parse_modifier_function": "Variance_Fexpr::parse_modifier"},
    {"name": "var_pop", "alias": "variance_pop"},

    {"name": "greatest", "args": true, "function": "+LeastGreatest_Fexpr"},
    {"name": "least", "args": true, "function": "+LeastGreatest_Fexpr"},
    {"name": "coalesce", "args": true, "function": "+Coalesce_Fexpr"},
    {"name": "round", "args": [1, 2], "function": "+Round_Fexpr"},
    {"name": "floor", "args": [1, 2], "function": "+Round_Fexpr"},
    {"name": "trunc", "args": [1, 2], "function": "+Round_Fexpr"},
    {"name": "ceil", "args": [1, 2], "function": "+Round_Fexpr"},
    {"name": "log", "args": [1, 2], "function": "+Math_Fexpr"},
    {"name": "log10", "args": 1, "function": "+Math_Fexpr"},
    {"name": "log2", "args": 1, "function": "+Math_Fexpr"},
    {"name": "lg", "args": 1, "function": "+Math_Fexpr"},
    {"name": "ln", "args": 1, "function": "+Math_Fexpr"},
    {"name": "sqrt", "args": 1, "function": "+Math_Fexpr"},
    {"name": "pow", "args": 2, "function": "+Math_Fexpr"},
    {"name": "exp", "args": 1, "function": "+Math_Fexpr"},
    {"name": "isnull", "args": 1, "function": "+IsNull_Fexpr"},

    {"name": "pid", "function": "+Pid_Fexpr"},
    {"name": "paperid", "function": "+Pid_Fexpr"},
    {"name": "pagecount", "function": "+PageCount_Fexpr"},
    {"name": "pdfsize", "function": "+PdfSize_Fexpr"},
    {"name": "time:submitted", "function": "+SubmittedAt_Fexpr", "is_time": true},
    {"name": "time:sub", "alias": "time:submitted"},
    {"name": "date:submitted", "function": "+SubmittedAt_Fexpr", "is_time": false},
    {"name": "date:sub", "alias": "date:submitted"},
    {"name": "time:now", "function": "+Now_Fexpr", "is_time": true},
    {"name": "date:now", "function": "+Now_Fexpr", "is_time": false},
    {"name": "_", "function": "+Reviewer_Fexpr"},

    {"name": "topicscore", "function": "+TopicScore_Fexpr"},
    {"name": "topic_score", "alias": "topicscore"},
    {"name": "conf", "function": "+Conflict_Fexpr", "is_pc": false},
    {"name": "conflict", "alias": "conf"},
    {"name": "pcconf", "function": "+Conflict_Fexpr", "is_pc": true},
    {"name": "pcconflict", "alias": "pcconf"},

    {"name": "tag", "args": "raw", "parse_modifier_function": "Tag_Fexpr::parse_modifier", "function": "Tag_Fexpr::make", "is_value": false},
    {"name": "tagval", "args": "raw", "parse_modifier_function": "Tag_Fexpr::parse_modifier", "function": "Tag_Fexpr::make", "is_value": true},
    {"name": "#", "alias": "tag"},
    {"name": "tagv", "alias": "tagval"},
    {"name": "tagvalue", "alias": "tagval"},

    {"name": "pref", "function": "+Pref_Fexpr",
        "parse_modifier_function": "Pref_Fexpr::parse_modifier",
        "is_expertise": false},
    {"name": "revpref", "alias": "pref"},
    {"name": "preference", "alias": "pref"},
    {"name": "prefexp", "function": "+Pref_Fexpr",
        "parse_modifier_function": "Pref_Fexpr::parse_modifier",
        "is_expertise": true},
    {"name": "prefexpertise", "alias": "prefexp"},
    {"name": "revprefexp", "alias": "prefexp"},
    {"name": "revprefexpertise", "alias": "prefexp"},

    {"name": "au", "function": "+Author_Fexpr",
        "parse_modifier_function": "Author_Fexpr::parse_modifier"},
    {"name": "author", "alias": "au"},

    {"name": "topic", "function": "+Topic_Fexpr",
        "parse_modifier_function": "Topic_Fexpr::parse_modifier"},
    {"name": "topics", "alias": "topic"}
]
