[
    {
        "name": "get",
        "render_function": "Get_ListAction::render", "title": "Download",
        "order": 1
    },
    {
        "name": "__expand/get-document",
        "expand_function": "GetDocument_ListAction::expand2"
    },
    {
        "name": "get/json", "get": true,
        "title": "Paper information/JSON",
        "order": 10090,
        "allow_if": "manager",
        "function": "+GetJson_ListAction",
        "has_attachments": false
    },
    {
        "name": "get/jsonattach", "get": true,
        "title": "Paper information/JSON with attachments",
        "order": 10091,
        "allow_if": "manager",
        "function": "+GetJson_ListAction",
        "has_attachments": true
    },
    {
        "name": "get/jsonrqc", "get": true,
        "title": "Paper information/JSON for reviewqualitycollector.org",
        "order": 10092,
        "allow_if": "manager",
        "function": "+GetJsonRQC_ListAction"
    },
    {
        "name": "get/pcassignments", "get": true,
        "title": "Review assignments/PC assignments",
        "order": 20099,
        "allow_if": "manager",
        "function": "+GetPcassignments_ListAction"
    },
    {
        "name": "get/revform", "get": true,
        "title": "Review assignments/Your review forms",
        "order": 20000,
        "allow_if": "reviewer",
        "function": "+GetReviewForms_ListAction",
        "zip": false, "all": false
    },
    {
        "name": "get/revformz", "get": true,
        "title": "Review assignments/Your review forms (zip)",
        "order": 20001,
        "allow_if": "reviewer",
        "function": "+GetReviewForms_ListAction",
        "zip": true, "all": false
    },
    {
        "name": "get/allrevform", "get": true,
        "title": "Review assignments/All review forms",
        "order": 20002,
        "allow_if": "manager",
        "function": "+GetReviewForms_ListAction",
        "zip": false, "all": true
    },
    {
        "name": "get/allrevformz", "get": true,
        "title": "Review assignments/All review forms (zip)",
        "order": 20003,
        "allow_if": "manager",
        "function": "+GetReviewForms_ListAction",
        "zip": true, "all": true
    },
    {
        "name": "get/revt", "get": true,
        "title": "Reviews/Reviews with paper info",
        "order": 30050,
        "allow_if": "view_review",
        "function": "+GetReviews_ListAction",
        "zip": false, "abstract": true, "author_view": false, "submitted": true
    },
    {
        "name": "get/rev", "get": true,
        "title": "Reviews/Reviews (text)",
        "order": 30100,
        "allow_if": "view_review",
        "function": "+GetReviews_ListAction",
        "zip": false, "abstract": false, "author_view": false, "submitted": true
    },
    {
        "name": "get/revz", "get": true,
        "title": "Reviews/Reviews (zip)",
        "order": 30105,
        "allow_if": "view_review",
        "function": "+GetReviews_ListAction",
        "zip": true, "abstract": false, "author_view": false, "submitted": true
    },
    {
        "name": "get/revdraft", "get": true,
        "title": "Reviews/Reviews (text, include drafts)",
        "order": 30150,
        "allow_if": "view_review && admin",
        "function": "+GetReviews_ListAction",
        "zip": false, "abstract": false, "author_view": false, "submitted": false
    },
    {
        "name": "get/revdraftz", "get": true,
        "title": "Reviews/Reviews (zip, include drafts)",
        "order": 30151,
        "allow_if": "view_review && admin",
        "function": "+GetReviews_ListAction",
        "zip": true, "abstract": false, "author_view": false, "submitted": false
    },
    {
        "name": "get/revau", "get": true,
        "title": "Reviews/Reviews (text, author view)",
        "order": 30200,
        "allow_if": "view_review && admin",
        "function": "+GetReviews_ListAction",
        "zip": false, "abstract": false, "author_view": true, "submitted": true
    },
    {
        "name": "get/revauz", "get": true,
        "title": "Reviews/Reviews (zip, author view)",
        "order": 30205,
        "allow_if": "view_review && admin",
        "function": "+GetReviews_ListAction",
        "zip": true, "abstract": false, "author_view": true, "submitted": true
    },
    {
        "name": "get/revcsv", "get": true,
        "title": "Reviews/Reviews (CSV)",
        "order": 30110,
        "allow_if": "view_review",
        "function": "+GetReviewCSV_ListAction"
    },
    {
        "name": "get/revaucsv", "get": true,
        "title": "Reviews/Reviews (CSV, author view)",
        "order": 30210,
        "allow_if": "view_review && admin",
        "function": "+GetReviewCSV_ListAction",
        "author_view": true
    },
    {
        "name": "get/scores", "get": true,
        "title": "Reviews/Scores (CSV)",
        "order": 30400,
        "allow_if": "view_review",
        "function": "+GetScores_ListAction"
    },
    {
        "name": "get/rank", "get": true,
        "allow_if": "setting.tag_rank && reviewer && !api", "display_if": false,
        "function": "+GetRank_ListAction"
    },
    {
        "name": "get/lead", "get": true,
        "title": "Reviews/Discussion leads (CSV)", "order": 30600,
        "allow_if": "pc",
        "display_if": "conf.has_any_lead_or_shepherd",
        "function": "+GetLead_ListAction",
        "type": "lead"
    },
    {
        "name": "get/shepherd", "get": true,
        "title": "Reviews/Shepherds (CSV)", "order": 30650,
        "allow_if": "pc",
        "display_if": "conf.has_any_lead_or_shepherd",
        "function": "+GetLead_ListAction",
        "type": "shepherd"
    },
    {
        "name": "get/revpref", "get": true,
        "title": "Preference file",
        "order": 1,
        "allow_if": "pc",
        "display_if": "listreport:pf",
        "function": "+Revpref_ListAction",
        "parameters": "reviewer:user"
    },
    {
        "name": "get/revprefx", "get": true,
        "title": "Preference file with abstracts",
        "order": 2,
        "allow_if": "pc",
        "display_if": "listreport:pf",
        "function": "+Revpref_ListAction",
        "parameters": "reviewer:user"
    },
    {
        "name": "get/allrevpref", "get": true,
        "title": "Review assignments/PC review preferences",
        "order": 20060,
        "allow_if": "manager",
        "function": "+GetAllRevpref_ListAction"
    },
    {
        "name": "get/checkformat", "get": true,
        "title": "Documents/Format check",
        "order": 9999, "display_if": "listhas:paper",
        "allow_if": "manager",
        "require": "src/listactions/la_get_sub.php",
        "function": "+GetCheckFormat_ListAction"
    },
    {
        "name": "get/abstract", "get": true,
        "title": "Paper information/Text with abstracts",
        "display_if": "listhas:abstract",
        "order": 10000,
        "function": "+GetAbstracts_ListAction"
    },
    {
        "name": "get/abstract", "get": true,
        "title": "Paper information/Text",
        "display_if": "!listhas:abstract",
        "order": 10000,
        "function": "+GetAbstracts_ListAction"
    },
    {
        "name": "get/authors", "get": true,
        "title": "Paper information/Authors",
        "order": 10001,
        "display_if": "listhas:authors",
        "require": "src/listactions/la_get_sub.php",
        "function": "+GetAuthors_ListAction"
    },
    {
        "name": "get/topics", "get": true,
        "title": "Paper information/Topics",
        "display_if": "conf.has_topics",
        "order": 10050,
        "require": "src/listactions/la_get_sub.php",
        "function": "+GetTopics_ListAction"
    },
    {
        "name": "get/pcconf", "get": true,
        "title": "Paper information/PC conflicts",
        "order": 10060,
        "require": "src/listactions/la_get_sub.php",
        "function": "+GetPcconflicts_ListAction"
    },
    {
        "name": "get/csv", "get": true,
        "title": "Paper information/CSV",
        "order": 10089,
        "require": "src/listactions/la_get_sub.php",
        "function": "+GetCSV_ListAction"
    },
    {
        "name": "tag", "post": true, "api": false,
        "render_function": "Tag_ListAction::render", "title": "Tag",
        "order": 500,
        "allow_if": "pc", "display_if": "!listreport:pf",
        "function": "+Tag_ListAction",
        "parameters": "tagfn$ tag:tag ?dry_run ?gapless ?source_tag:tag ?rank_method=schulze|irv|range|civsrp|randomwalk"
    },
    {
        "name": "tag/add", "post": true, "title": "Add tags",
        "allow_if": "pc", "display_if": false,
        "function": "+Tag_ListAction", "parameters": "!tag:tag ?dry_run"
    },
    {
        "name": "tag/remove", "post": true, "title": "Remove tags",
        "allow_if": "pc", "display_if": false,
        "function": "+Tag_ListAction", "parameters": "!tag:tag ?dry_run"
    },
    {
        "name": "tag/define", "post": true, "title": "Define tags",
        "allow_if": "pc", "display_if": false,
        "function": "+Tag_ListAction", "parameters": "!tag:tag ?dry_run"
    },
    {
        "name": "tag/add_order", "post": true, "title": "Add to tag order",
        "allow_if": "pc", "display_if": false,
        "function": "+Tag_ListAction", "parameters": "!tag:tag ?dry_run ?gapless"
    },
    {
        "name": "tag/define_order", "post": true, "title": "Define tag order",
        "allow_if": "pc", "display_if": false,
        "function": "+Tag_ListAction", "parameters": "!tag:tag ?dry_run ?gapless ?random"
    },
    {
        "name": "tag/calculate_rank", "post": true, "title": "Calculate rank",
        "allow_if": "admin", "display_if": false,
        "function": "+Tag_ListAction", "parameters": [
            "!tag:tag",
            "?dry_run",
            "?gapless",
            "?source_tag:tag",
            "?rank_method=schulze|irv|range|civsrp|randomwalk [schulze]"
        ]
    },
    {
        "name": "assign", "post": true, "api": false,
        "render_function": "Assign_ListAction::render", "title": "Assign",
        "order": 700,
        "allow_if": "manager", "display_if": "!listreport:pf",
        "function": "+Assign_ListAction"
    },
    {
        "name": "decide", "post": true,
        "render_function": "Decide_ListAction::render", "title": "Decide",
        "order": 900,
        "allow_if": "manager", "display_if": "!listreport:pf",
        "function": "+Decide_ListAction",
        "description": "Set decision",
        "parameters": "decision$"
    },
    {
        "name": "mail",
        "render_function": "Mail_ListAction::render", "title": "Mail",
        "order": 1000,
        "display_if": "!listreport:pf"
    },
    {
        "name": "mail/authors", "get": true, "api": false,
        "title": "Contact authors",
        "order": 10, "allow_if": "manager",
        "function": "+Mail_ListAction",
        "mail_template": "authors"
    },
    {
        "name": "mail/reviewers", "get": true, "api": false,
        "title": "Reviewers",
        "order": 100, "allow_if": "manager",
        "function": "+Mail_ListAction",
        "mail_template": "reviewers"
    },
    {
        "name": "tryuploadpref", "post": true, "api": false,
        "render_function": "Revpref_ListAction::render_upload", "title": "Upload",
        "allow_if": "pc", "display_if": "listreport:pf",
        "function": "+Revpref_ListAction",
        "order": 100
    },
    {
        "name": "uploadpref", "post": true,
        "allow_if": "pc", "function": "+Revpref_ListAction",
        "parameters": "reviewer:user preffile$ upload$ forceShow dry_run summary quiet csv",
        "description": "Upload reviewer preference file",
        "order": 199
    },
    {
        "name": "applyuploadpref", "post": true, "api": false,
        "allow_if": "pc", "function": "+Revpref_ListAction"
    },
    {
        "name": "setpref", "post": true,
        "render_function": "Revpref_ListAction::render_set",
        "allow_if": "pc", "display_if": "listreport:pf",
        "function": "+Revpref_ListAction",
        "title": "Set selected",
        "description": "Set reviewer preference",
        "parameters": "reviewer:user !preference# expertise$ forceShow dry_run summary quiet csv",
        "order": 200
    }
]
