[
    {"name": "NULL", "function": "Mailer::kw_null", "global": true},
    {"name": "OPT", "function": "*kw_opt", "global": true},
    {"name": "URLENC", "function": "*kw_urlenc", "global": true},
    {"name": "PHP", "function": "Mailer::kw_php", "global": true},

    {"name": "CONFNAME", "function": "*kw_confnames", "global": true},
    {"name": "CONFSHORTNAME", "function": "*kw_confnames", "global": true},
    {"name": "CONFLONGNAME", "function": "*kw_confnames", "global": true},
    {"name": "ADMIN", "function": "*kw_siteuser", "global": true, "userx": "CONTACT"},
    {"name": "SITECONTACT", "alias": "ADMIN"},
    {"name": "ADMINNAME", "function": "*kw_siteuser", "global": true, "userx": "NAME"},
    {"name": "ADMINEMAIL", "function": "*kw_siteuser", "global": true, "userx": "EMAIL"},
    {"name": "SITEEMAIL", "alias": "ADMINEMAIL"},
    {"name": "SIGNATURE", "function": "Mailer::kw_signature", "global": true},
    {"name": "LINK", "function": "Mailer::kw_url", "global": true},
    {"name": "URL", "alias": "LINK"},
    {"name": "ADMINUPDATE", "function": "Mailer::kw_adminupdate", "global": true},
    {"name": "REASON", "function": "Mailer::kw_notes", "global": true},
    {"name": "NOTES", "function": "Mailer::kw_notes", "global": true},
    {"name": "CHANGE", "function": "Mailer::kw_notes", "global": true},
    {"name": "INTERNALLOGIN", "function": "Mailer::kw_internallogin", "global": true},
    {"name": "EXTERNALLOGIN", "function": "Mailer::kw_externallogin", "global": true},

    {"name": "CONTACT", "function": "Mailer::kw_recipient", "userx": "CONTACT"},
    {"name": "NAME", "function": "Mailer::kw_recipient", "userx": "NAME"},
    {"name": "EMAIL", "function": "Mailer::kw_recipient", "userx": "EMAIL"},
    {"name": "FIRST", "function": "Mailer::kw_recipient", "userx": "FIRST"},
    {"name": "LAST", "function": "Mailer::kw_recipient", "userx": "LAST"},
    {"name": "CAPABILITY", "function": "*kw_capability"},
    {"name": "LOGINURL", "function": "*kw_login"},
    {"name": "LOGINURLPARTS", "function": "*kw_login", "urlparam": true},
    {"name": "PASSWORD", "function": "*kw_login"},
    {"name": "NEEDPASSWORD", "function": "*kw_needpassword"},
    {"name": "RESETPASSWORDLINK", "function": "*kw_passwordlink"},
    {"name": "PASSWORDLINK", "function": "*kw_passwordlink"},

    {"name": "DEADLINE", "function": "*kw_deadline", "global": true, "is_review": false},
    {"name": "REVIEWDEADLINE", "function": "*kw_deadline", "global": true, "is_review": true},
    {"name": "NUMSUBMITTED", "function": "*kw_statistic", "global": true, "statindex": 0},
    {"name": "NUMACCEPTED", "function": "*kw_statistic", "global": true, "statindex": 1},

    {"name": "TITLE", "function": "*kw_title", "expand_if": "*kw_haspaper"},
    {"name": "TITLEHINT", "function": "*kw_titlehint", "expand_if": "*kw_haspaper"},
    {"name": "ABSTRACT", "function": "*kw_abstract", "expand_if": "*kw_haspaper"},
    {"name": "PID", "function": "*kw_pid", "expand_if": "*kw_haspaper"},
    {"name": "NUMBER", "alias": "PID"},
    {"name": "PAPER", "alias": "PID"},
    {"name": "PAPERID", "alias": "PID"},
    {"name": "DECISION", "function": "*kw_decision", "expand_if": "*kw_haspaper"},
    {"name": "REVIEWS", "function": "*kw_reviews", "expand_if": "*kw_haspaper"},
    {"name": "COMMENTS", "function": "*kw_comments", "expand_if": "*kw_haspaper"},
    {"match": "(OTHER|REQUESTER|REVIEWER)(CONTACT|NAME|EMAIL|FIRST|LAST)", "function": "*kw_reviewercontact", "global": true},
    {"name": "REVIEWNAME", "function": "*kw_reviewname", "expand_if": "*kw_haspaper"},
    {"name": "REVIEWID", "function": "*kw_reviewid", "expand_if": "*kw_haspaper"},
    {"name": "REVIEWAUTHOR", "function": "*kw_reviewercontact", "global": true, "match_data": [null, "REVIEWER", "CONTACT"]},
    {"name": "REVIEWACCEPTOR", "function": "*kw_reviewacceptor", "expand_if": "*kw_hasreview"},
    {"name": "ASSIGNMENTS", "function": "*kw_assignments"},
    {"name": "NEWASSIGNMENTS", "function": "*kw_newassignments"},
    {"name": "AUTHORS", "function": "*kw_authors", "expand_if": "*kw_haspaper"},
    {"name": "AUTHOR", "alias": "AUTHORS"},
    {"name": "AUTHORVIEWCAPABILITY", "function": "*kw_authorviewcapability", "global": true, "urlparam": true},
    {"name": "TAGVALUE", "function": "*kw_tagvalue", "expand_if": "*kw_haspaper"},
    {"match": "#(~?~?[a-zA-Z@*_:.][-a-zA-Z0-9!@*_:.\/]*)", "function": "*kw_tagvalue", "expand_if": "*kw_haspaper"},
    {"name": "SHEPHERD", "function": "*kw_paperpc", "expand_if": "*kw_haspaper", "userx": "CONTACT", "pctype": "shepherd"},
    {"name": "SHEPHERDNAME", "function": "*kw_paperpc", "expand_if": "*kw_haspaper", "userx": "NAME", "pctype": "shepherd"},
    {"name": "SHEPHERDEMAIL", "function": "*kw_paperpc", "expand_if": "*kw_haspaper", "userx": "EMAIL", "pctype": "shepherd"},
    {"match": "(_*(?:[A-Za-z~][a-z~?!]*|[0-9][0-9.]*|\\.[0-9][0-9.]*)+)", "function": "*kw_paperfield", "expand_if": ["*kw_haspaper", "*kw_is_paperfield"], "priority": -1}
]
