[
    {"in": "submission", "out": "submission", "template": true},
    {"in": "submissions", "out": "submissions", "template": true},
    {"in": "Submission", "out": "Submission", "template": true},
    {"in": "Submissions", "out": "Submissions", "template": true},
    {"in": "affiliated-sites", "out": "affiliated sites", "template": true},

    ["average {0} score {1}", "{0} score {1}", ["{2}=1"]],

    {
        "in": "You have submitted {n} of <a href=\"{url}\">{na} reviews</a> with {scores:list}.",
        "m": [
            ["You have submitted {n} of <a href=\"{url}\">{na} reviews</a>.", ["!#{scores}"]],
            ["You have submitted <a href=\"{url}\">{na} review</a>.", ["!#{scores}", "{n}=1", "{na}=1"]],
            ["You have submitted <a href=\"{url}\">{na} review</a> with {scores:list}.", ["{n}=1", "{na}=1"]],
            ["You have submitted <a href=\"{url}\">{na} reviews</a>.", ["!#{scores}", "{n}={na}"]],
            ["You have submitted <a href=\"{url}\">{na} reviews</a> with {scores:list}.", ["{n}={na}"]]
        ]
    },
    {
        "in": "The average PC member has submitted {n:.1f} reviews with {scores:list}.",
        "m": [
            ["The average PC member has submitted {n:.1f} reviews.", ["!#{scores}"]],
            ["The average PC member has submitted {n:.1f} review with {scores:list}.", ["{n}=1"]],
            ["The average PC member has submitted {n:.1f} review.", ["{n}=1", "!#{scores}"]]
        ]
    },

    ["<0>A {submission} may have at most {max} authors", "<0>A {submission} may have at most one author", ["{max}=1"]],

    ["{naccepted} of {nsubmitted} {submissions} accepted", "{naccepted} of {nsubmitted} {submission} accepted", ["{naccepted}=1", "{nsubmitted}=1"]],

    ["<5>{sclass} registration deadline", "<5>Registration deadline", ["!{sclass}"]],
    ["<5>You can register new {sclass} {submissions} until this deadline.", "<5>You can register new {submissions} until this deadline.", ["!{sclass}"]],
    ["<5>{sclass} update deadline", "<5>Update deadline", ["!{sclass}"]],
    ["<5>You can update {sclass} {submissions} and upload new versions until this deadline.", "<5>You can update {submissions} and upload new versions until this deadline.", ["!{sclass}"]],
    ["<5>{sclass} submission deadline", "<5>Submission deadline", ["!{sclass}"]],
    ["<5>{sclass} deadline", "<5>Deadline", ["!{sclass}"]],
    ["<5>{sclass} {submissions} must be ready by this deadline to be reviewed.", "<5>{Submissions} must be ready by this deadline to be reviewed.", ["!{sclass}"]],
    ["<5>{respround} response deadline", "<5>Response deadline", ["!{respround}"]],
    ["<5>You can submit {respround} responses to the reviews until this deadline.", "<5>You can submit responses to the reviews until this deadline.", ["!{respround}"]],
    ["<5>{round} review deadline", "<5>Review deadline", ["!{round}"]],
    ["<5>{round} reviews are requested by this deadline.", "<5>Reviews are requested by this deadline.", ["!{round}"]],
    ["<5>{round} review hard deadline", "<5>Review hard deadline", ["!{round}"]],
    ["<5>{round} reviews must be submitted by this deadline.", "<5>Reviews must be submitted by this deadline.", ["!{round}"]],
    ["<5>{round} external review deadline", "<5>External review deadline", ["!{round}"]],
    ["<5>{round} external review hard deadline", "<5>External review hard deadline", ["!{round}"]],

    ["<0>Updated {submission} (changed {:list})", "<0>Updated {submission}", ["#{0}=0"]],
    ["<0>Updated {submission} (changed {:list})", "<0>Updated final version (changed {:list})", ["{phase}=final"]],
    ["<0>Updated {submission} (changed {:list})", "<0>Updated final version", ["{phase}=final", "#{0}=0"]],
    ["{:list} were changed.", "The {:list} field was changed.", ["#{0}=1"]],
    ["<0>At least {min} selections required", "<0>Exactly one selection required", ["{min}=1", "{max}=1"]],
    ["<0>At most {max} selections allowed", "<0>Exactly one selection required", ["{min}=1", "{max}=1"]],
    ["<0>At least {min} selections required", "<0>At least one selection required", ["{min}=1"]],
    ["<0>At most {max} selections allowed", "<0>At most one selection allowed", ["{max}=1"]],
    ["<0>Options {:list} not found", "<0>Topic ‘{:list}’ not found", ["{type}=topics", "#{0}=1"]],
    ["<0>Options {:list} not found", "<0>Topics {:list} not found", ["{type}=topics"]],
    ["<0>Options {:list} not found", "<0>Option ‘{:list}’ not found", ["#{0}=1"]],
    ["<0>Ignoring unknown fields {:list}", "<0>Ignoring unknown field {:list}", ["#{0}=1"]],
    ["<5>Notified mentioned users {:nblist}", "<5>Notified mentioned user {:nblist}", ["#{0}=1"]],
    ["<5>Notified {submission} contacts {:nblist}", "<5>Notified {submission} contact {:nblist}", ["#{0}=1"]],

    ["sf_submission", "Draft submission", ["{draft}"]],
    ["sf_submission", "Submission", ["{edit}"]],
    ["sf_submission", "Submission (optional)", ["{edit}", "!{required}"]],
    ["sf_submission", "Submission PDF", ["{missing}"]],
    ["sf_submission", "Submission version", ["{version}=submission"]],
    ["sf_abstract", "Abstract (optional)", ["{edit}", "!{required}"]],
    ["sf_authors", "Author", ["{count}=1"]],
    ["sf_authors", "Author", ["{edit}", "{max}=1"]],
    ["sf_contacts", "Contact", ["{count}=1"]],
    ["sf_topics", "Topic", ["{count}=1"]],
    ["sf_topics", "Topic", ["{edit}", "{max}=1"]],
    ["sf_collaborators", "Other conflicts", ["setting.sub_pcconf"]],

    ["sfgroup", "<0>{sf:list}"],
    ["sfgroup", "<0>{types:lcrestlist}", ["{group}=topics"]],

    {
        "in": "sfdescription_authors", "m": [
            ["<0>List the authors, including email addresses and affiliations."],
            ["<0>List the authors, including email addresses and affiliations. Submission is anonymous, so reviewers will not see author information.", ["setting.sub_blind=2"]],
            ["<0>List the authors, including email addresses and affiliations. Reviewers will see author information only after submitting a review.", ["setting.sub_blind=3"]],
            ["", ["{max}=1"]],
            ["<0>Submission is anonymous, so reviewers will not see author information.", ["{max}=1", "setting.sub_blind=2"]],
            ["<0>Reviewers will see author information only after submitting a review.", ["{max}=1", "setting.sub_blind=3"]]
        ]
    },
    ["sfdescription_contacts", "<0>These users can view and edit the {submission}. All listed authors with site accounts are contacts. You can add contacts who aren’t in the author list or create accounts for authors who haven’t yet signed in."],
    ["sfdescription_nonblind", "<0>Select whether the {submission} is anonymous. Your choice should also be reflected in the {submission} itself."],
    {
        "in": "sfdescription_topics", "m": [
            ["<0>Select any topics that apply to your {submission}."],
            ["<0>Select between {min} and {max} topics that apply to your {submission}.", ["{min}>0", "{max}>0"]],
            ["<0>Select exactly one topic that applies to your {submission}.", ["{min}=1", "{max}=1"]],
            ["<0>Select at least {min} topics that apply to your {submission}.", ["{min}>0", "!{max}"]],
            ["<0>Select at least one topic that applies to your {submission}.", ["{min}=1", "!{max}"]],
            ["<0>Select at most {max} topics that apply to your {submission}.", ["!{min}", "{max}>0"]],
            ["<0>Select at most one topic that applies to your {submission}.", ["!{min}", "{max}=1"]]
        ]
    },
    ["sfdescription_pc_conflicts", "<5>Select the PC members who have conflicts of interest with this {submission}. {conflictdef}"],
    ["sfdescription_collaborators", "<5><p>List other people and institutions with which the authors have conflicts of interest. We use this information when assigning external reviews. Collaborators declared on the authors’ HotCRP profiles need not be repeated here.</p><p><strong>Enter one conflict per line.</strong> Use parentheses for affiliations and institutions. Examples: “Jelena Markovic (EPFL)”, “All (University of Southern California)”.</p>"],
    ["sfdescription_collaborators", "<5><p>List people and institutions with which the authors have conflicts of interest. {conflictdef} Be sure to include conflicted PC members. We use this information when assigning PC and external reviews. Collaborators declared on the authors’ HotCRP profiles need not be repeated here.</p><p><strong>Enter one conflict per line.</strong> Use parentheses for affiliations and institutions. Examples: “Jelena Markovic (EPFL)”, “All (University of Southern California)”.</p>", ["!setting.sub_pcconf"]],

    ["paper_edit", "<0>New {sclass} {submission}", "<0>New {submission}", ["{sclass}="]],
    ["paper_edit", "<0>new {sclass} {submission}", "<0>new {submission}", ["{sclass}="]],
    ["paper_edit", "<0>Edit {sclass} {submission}", "<0>Edit {submission}", ["{sclass}="]],
    ["paper_edit", "<0>Edit {sclass} {submission}", "<0>Edit draft {sclass} {submission}", ["{draft}"]],
    ["paper_edit", "<0>Edit {sclass} {submission}", "<0>Edit draft {submission}", ["{sclass}=", "{draft}"]],
    ["paper_edit", "<0>Incomplete {submissions} will not be evaluated.", "<0>{Submissions} incomplete as of {deadline:time} will not be evaluated.", ["{deadline}>0"]],
    ["paper_edit", "<5>{Submissions} marked ready for review as of {:expandedtime} will be evaluated.", "<5>Only {submissions} marked ready for review will be evaluated.", ["{0}={1}"]],
    ["paper_edit", "<5>Please check {:list} for potential issues.", "<5>Please check the potential issues highlighted below.", ["!#{0}"]],
    ["<5>This {submission} is not ready for review. Required fields {:list} are incomplete.", "<5>This {submission} is not ready for review. Required field {:list} is incomplete.", ["#{0}=1"]],

    {
        "in": "<0>You’re accessing this {submission} using a special link for reviewer {reviewer}", "m": [
            ["<0>You’re accessing this {submission} using a special link for reviewer {reviewer}. (You are signed in as {self}.)", ["{self}"]],
            ["<5>You’re accessing this {submission} using a special link for reviewer {reviewer}. <a href=\"{signinurl}\" class=\"nw\">Sign in to the site</a>", ["!{self}", "{signinurl}"]]
        ]
    },

    {
        "context": "search_type", "m": [
            ["a", "Your {submissions}"],
            ["accepted", "Accepted"],
            ["accepted", "Accepted {submissions}", ["{full}"]],
            ["active", "Active"],
            ["active", "Active {submissions}", ["{full}"]],
            ["admin", "{Submissions} you administer"],
            ["all", "All"],
            ["all", "All {submissions}", ["{full}"]],
            ["alladmin", "{Submissions} you’re allowed to administer"],
            ["lead", "Your discussion leads"],
            ["r", "Your reviews"],
            ["reviewable", "Reviewable"],
            ["reviewable", "Reviewable {submissions}", ["{full}"]],
            ["req", "Your review requests"],
            ["rout", "Your incomplete reviews"],
            ["s", "Submitted"],
            ["s", "Ready {submissions}", ["{full}"]],
            ["undecided", "Undecided"],
            ["undecided", "Undecided {submissions}", ["{full}"]],
            ["unsub", "Draft {submissions}"],
            ["viewable", "{Submissions} you can view"]
        ]
    },

    ["<5>Submitted reviews {:list}", "<5>Submitted review {:list}", ["#{0}=1"]],
    ["<5>Submitted reviews {:list}", "<5>Review submitted", ["{single}"]],
    ["<5>Updated reviews {:list}", "<5>Updated review {:list}", ["#{0}=1"]],
    ["<5>Updated reviews {:list}", "<5>Review updated", ["{single}"]],
    ["<5>Approved reviews {:list}", "<5>Approved review {:list}", ["#{0}=1"]],
    ["<5>Approved reviews {:list}", "<5>Review approved", ["{single}"]],
    ["<5>Accepted review requests {:list}", "<5>Accepted review request {:list}", ["#{0}=1"]],
    ["<5>Accepted review requests {:list}", "<5>Review request accepted", ["{single}"]],
    ["<5>Submitted reviews for approval {:list}", "<5>Submitted review for approval {:list}", ["#{0}=1"]],
    ["<5>Submitted reviews for approval {:list}", "<5>Review submitted for approval", ["{single}"]],
    ["<5>Saved draft reviews for submissions {:list}", "<5>Saved draft review for submission {:list}", ["#{0}=1"]],
    ["<5>Saved draft reviews for submissions {:list}", "<5>Draft review saved", ["{single}"]],
    ["<5>Saved draft reviews for submissions {:list}", "<5>Review saved. The review will not be visible to others until it is approved.", ["{single}=approvable"]],
    ["<5>Authors were notified about updated reviews {:list}", "<5>Authors were notified about updated review {:list}", ["#{0}=1"]],
    ["<5>Authors were notified about updated reviews {:list}", "<5>Authors were notified", ["{single}"]],
    ["<5>No changes to reviews {:list}", "<5>No changes to review {:list}", ["#{0}=1"]],
    ["<5>No changes to reviews {:list}", "<5>No changes", ["{single}"]],
    ["<5>No changes to reviews {:list}", "<5>No changes to draft review", ["{single}=draft"]],
    ["<5>No changes to reviews {:list}", "<5>No changes. The review will not be visible to others until it is approved.", ["{single}=approvable"]],
    ["<5>Ignored blank reviews for {:list}", "<5>Ignored blank review for {:list}", ["#{0}=1"]],
    ["<5>Ignored blank reviews for {:list}", "<5>Blank review form ignored", ["{single}"]],

    ["<0>{Submissions} {:numlist} are totally hidden when viewing the site as another user.", "<0>{Submission} {:numlist} is totally hidden when viewing the site as another user.", ["#{0}=1"]],

    ["<0>Accounts {:list} {action}", "<0>Account {:list} {action}", ["#{0}=1"]],
    ["<0>Accounts {:list} disabled", "<0>Account {:list} disabled", ["#{0}=1"]],
    ["<0>Accounts {:list} enabled", "<0>Account {:list} enabled", ["#{0}=1"]],
    ["<0>Skipped disabled accounts {:list}", "<0>Skipped disabled account {:list}", ["#{0}=1"]],
    ["<5>Accounts {:list} saved", "<5>Account {:list} saved", ["#{0}=1"]],
    ["<5>Accounts {:list} saved and notified", "<5>Account {:list} saved and notified", ["#{0}=1"]],
    ["<5>No changes to accounts {:list}", "<5>No changes to account {:list}", ["#{0}=1"]],
    ["<0>“{}” in global profile", "<0>Empty in global profile", ["!{0}"]],
    ["<0>“{}” in global profile", "<0>Differs in global profile", ["{field}=collaborators"]],

    ["permission_error", "<0>Permission error"],
    ["permission_error", "<0>You aren’t allowed to view {submission} #{pid}", ["{action}=paper:view"]],
    ["permission_error", "<0>You aren’t allowed to view {submission} #{pid}’s documents", ["{action}=document:view"]],
    ["permission_error", "<0>You aren’t allowed to view reviews for {submission} #{pid}", ["{action}=review:view"]],
    ["permission_error", "<0>You aren’t allowed to withdraw {submission} #{pid}", ["{action}=paper:withdraw"]],
    ["permission_error", "<0>You aren’t allowed to request reviews for {submission} #{pid}", ["{action}=review:request"]],
    ["permission_error", "<0>You aren’t allowed to review {submission} #{pid}", ["{action}=review:edit"]],
    ["permission_error", "<0>You aren’t allowed to comment on {submission} #{pid}", ["{action}=comment:edit"]],
    ["permission_error", "<0>You aren’t allowed to respond to the reviews for {submission} #{pid}", ["{action}=response:edit"]],
    ["permission_error", "<0>You aren’t allowed to edit the contacts of {submission} #{pid}", ["{action}=contact:edit"]],
    ["permission_error", "<0>You aren’t allowed to change tags for {submission} #{pid}", ["{action}=tag:edit"]],
    ["permission_error", "<0>You aren’t allowed to view the {field} field for {submission} #{pid}", ["{action}=field:view"]],
    ["permission_error", "<0>You aren’t allowed to view the {field} field", ["{action}=field:view", "!{pid}"]],

    ["signin_required", "<0>You must sign in to access this page"],
    ["signin_required", "<5>You must <a href=\"{url}\">sign in</a> to access this page", ["{expand}", "{url}"]],
    ["signin_required", "<5>You must <a href=\"{url}\">sign in</a> to start a new {submission}", ["{expand}", "{url}", "{action}=paper:start"]],
    ["signin_required", "<5>You must <a href=\"{url}\">sign in to your HotCRP account</a> to make changes", ["{expand}", "{url}", "{action}=paper:edit"]],

    {
        "context": "deadline_error", "in": "<0>Action not available", "m": [
            ["<0>Authors can’t currently view reviews for {submission} #{pid}", ["{deadline}=au_seerev"]],
            ["<0>Reviewing is currently closed", ["{deadline}=rev_open"]],
            ["<0>{Submissions} are currently closed", ["{deadline}=sub_open"]],
            ["<0>Responses are currently closed", ["{deadline}^=response"]]
        ]
    },
    {
        "context": "deadline_error", "in": "<0>Action not available yet", "m": [
            ["<0>The site will open for reviewing at {time:time}", ["{deadline}=rev_open"]],
            ["<5>The site will open for reviewing at {time:expandedtime}", ["{deadline}=rev_open", "{expand}"]],
            ["<0>The site will open for {sclass_prefix}{submissions} at {time:time}", ["{deadline}=sub_open"]],
            ["<5>The site will open for {sclass_prefix}{submissions} at {time:expandedtime}", ["{deadline}=sub_open", "{expand}"]]
        ]
    },
    {
        "context": "deadline_error", "in": "<0>Deadline passed", "m": [
            ["<0>The deadline for registering {sclass_prefix}{submissions} has passed. The deadline was {time:time}.", ["{deadline}^=sub_reg"]],
            ["<5>The <a href=\"{deadlineurl}\">deadline</a> for registering {sclass_prefix}{submissions} has passed. The deadline was {time:expandedtime}", ["{deadline}^=sub_reg", "{expand}"]],
            ["<0>The {sclass_prefix}{submission} update deadline has passed. The deadline was {time:time}", ["{deadline}^=sub_update"]],
            ["<5>The <a href=\"{deadlineurl}\">{sclass_prefix}{submission} update deadline</a> has passed. The deadline was {time:expandedtime}", ["{deadline}^=sub_update", "{expand}"]],
            ["<0>The {sclass_prefix}{submission} deadline has passed. The deadline was {time:time}", ["{deadline}^=sub_sub"]],
            ["<5>The <a href=\"{deadlineurl}\">{sclass_prefix}{submission} deadline</a> has passed. The deadline was {time:expandedtime}", ["{deadline}^=sub_sub", "{expand}"]],
            ["<0>The deadline for this external review has passed", ["{deadline}^=extrev_hard"]],
            ["<0>The deadline for this review has passed", ["{deadline}^=pcrev_hard"]],
            ["<0>The deadline for requesting reviews has passed", ["{deadline}^=extrev_chairreq"]],
            ["<0>The deadline to update final versions has passed", ["{deadline}^=final_done"]],
            ["<0>The deadline for editing this response has passed. The deadline was {time:time}", ["{deadline}^=response"]],
            ["<5>The deadline for editing this response has passed. The deadline was {time:expandedtime}", ["{deadline}^=response", "{expand}"]],
            ["<0>The deadline to perform this action has passed"]
        ]
    },

    ["resp_instrux", "The authors’ response should address reviewer concerns and correct misunderstandings. Make it short and to the point; the conference deadline has passed."],
    ["resp_instrux", "The authors’ response should address reviewer concerns and correct misunderstandings. Make it short and to the point; the conference deadline has passed. Try to stay within {wordlimit} words.", ["{wordlimit}>0"]],

    {"in": "conflictdef", "out": "This includes past advisors and students, people with the same affiliation, and any recent (~2 years) coauthors and collaborators.", "template": true},

    {"in": "finalsubmit", "out": "Congratulations! The paper has been accepted. Update the paper’s final version here. {deadline} You may also edit paper contacts, allowing others to view reviews and make changes."},

    {"in": "revprefdescription", "out": "<5><p>A review preference is a small integer that indicates how much you want to review a submission. Positive numbers mean you want to review, negative numbers mean you don’t, and −100 means you think you have a conflict. −20 to 20 is a typical range for real preferences; multiple submissions can have the same preference. The automatic assignment algorithm attempts to assign reviews in descending preference order. Different users’ preference values are not compared and need not use the same scale.</p>\n\n<p>Select a column heading to sort by that column. Enter preferences in the text boxes or on the paper pages. You may also upload preferences from a text file; see the “Download” and “Upload” links below the paper list.</p>"},
    {"in": "revprefdescription", "out": "<5><p>A review preference is a small integer that indicates how much you want to review a submission. Positive numbers mean you want to review, negative numbers mean you don’t, and −100 means you think you have a conflict. −20 to 20 is a typical range for real preferences; multiple submissions can have the same preference. The automatic assignment algorithm attempts to assign reviews in descending preference order, using topic scores to break ties. Different users’ preference values are not compared and need not use the same scale.</p>\n\n<p>The list shows all submissions and their topics (<span class=\"topic4\">high interest topics</span>, <span class=\"topic-2\">low interest topics</span>). “Topic score” summarizes your interest in the submission’s topics. Select a column heading to sort by that column. Enter preferences in the text boxes or on the paper pages. You may also upload preferences from a text file; see the “Download” and “Upload” links below the paper list.</p>", "require": ["{topics}"]},

    ["external_review_request_description", "External reviewers may view their assigned papers. Before requesting an external review, you should generally check whether they are interested."],
    ["external_review_request_description", "External reviewers may view their assigned papers, including other reviews and the eventual decision. Before requesting an external review, you should generally check whether they are interested.", ["setting.viewrev_ext>=0"]],
    ["external_review_request_description", "External reviewers may view their assigned papers, including other reviews and reviewer identities and the eventual decision. Before requesting an external review, you should generally check whether they are interested.", ["setting.viewrev_ext>=0", "setting.viewrevid_ext>=0"]],

    ["({} more permissions have default values)", "({} more permission has default value)", ["{0}=1"]],

    ["badpost", "<0>Your browser session has changed since you last used this tab. Please try again."],
    ["session_failed_error", "<0>You appear to have disabled cookies in your browser. This site requires cookies to function."],

    ["account_disabled", "<0>Account {email} has been disabled by a site administrator", ["{email}"]],
    ["account_disabled", "<0>That account has been disabled by a site administrator"],
    ["account_deleted", "<0>Account {email} has been deleted on this site. Only a site administrator can recreate it", ["{expanded}", "{create_account}"]],
    ["account_deleted", "<0>Account {email} has been deleted"],

    ["<0>Account {email} not found", "<5>User {email} does not have an account. Check the email address, or <a href=\"{newaccount}\">create that account</a> if you’d like.", ["{newaccount}"]],
    ["<0>User {email} has not set a password", "<5>User {email} has not set a password. Use this form to get a password reset link.", ["{forgotpassword}", "{allow_redirect}"]],
    ["<0>User {email} has not set a password", "<5>User {email} has not set a password. Use <a href=\"{forgotpassword}\">“Forgot your password?”</a> to create one.", ["{forgotpassword}"]],
    ["<0>Password expired", "<5>That password has expired. Use <a href=\"{forgotpassword}\">“Forgot your password?”</a> to reset it.", ["{forgotpassword}"]],
    ["<0>Account {email} already exists", "<5>Account {email} already exists. If that’s your account, <a href=\"{signin}\">sign in</a> using your password.", ["{signin}"]],
    ["<0>Account {email} already exists", "<5>Account {email} already exists. If that’s your account, <a href=\"{signin}\">sign in</a> using your password, or <a href=\"{forgotpassword}\">reset your password</a> if you have forgotten it.", ["{forgotpassword}"]],
    ["<0>Password incorrect", "<5>Password incorrect. You may want to <a href=\"{forgotpassword}\">reset your password</a> if you have forgotten it.", ["{forgotpassword}"], 1],

    ["<5><a href=\"{url}\">{Submissions} {pids:numlist#}</a> got fewer assignments than you requested.", "<5><a href=\"{url}\">{Submission} {pids:numlist#}</a> got fewer assignments than you requested.", ["#{pids}=1"]]
]
