[
    {
        "name": "checkbox", "title": "Checkbox", "order": 100,
        "function": "+Checkbox_PaperOption"
    },
    {
        "name": "dropdown", "title": "Dropdown", "order": 200,
        "function": "+Selector_PaperOption",
        "conversions": [{"from": "radio"}, {"to": "radio"}],
        "properties": ["common", "values"]
    },
    {
        "name": "radio", "title": "Radio buttons", "order": 300,
        "function": "+Selector_PaperOption",
        "properties": ["common", "values"]
    },
    {
        "name": "checkboxes", "title": "Checkboxes", "order": 350,
        "function": "+Checkboxes_PaperOption",
        "properties": ["common", "values"]
    },
    {
        "name": "numeric", "title": "Whole number", "order": 400,
        "function": "+Numeric_PaperOption"
    },
    {
        "name": "realnumber", "title": "Decimal number", "order": 401,
        "function": "+RealNumber_PaperOption",
        "conversions": [{"from": "numeric", "setting_function": "RealNumber_PaperOption::convert_from_numeric_setting"}]
    },
    {
        "name": "text", "title": "Text", "order": 500,
        "function": "+Text_PaperOption",
        "conversions": [{"from": "mtext"}]
    },
    {
        "name": "mtext", "title": "Multiline text", "order": 550,
        "function": "+Text_PaperOption",
        "conversions": [{"from": "text"}]
    },
    {
        "name": "pdf", "title": "PDF", "order": 600,
        "function": "+Document_PaperOption",
        "conversions": [{"from": "document"}, {"to": "document"}]
    },
    {
        "name": "slides", "title": "Slides", "order": 610,
        "function": "+Document_PaperOption",
        "conversions": [
            {"from": "document"}, {"to": "document"},
            {"from": "pdf"}, {"to": "pdf"}
        ]
    },
    {
        "name": "document", "title": "File upload", "order": 699,
        "function": "+Document_PaperOption"
    },
    {
        "name": "attachments", "title": "Attachments", "order": 700,
        "function": "+Attachments_PaperOption"
    },
    {
        "name": "topics", "title": "Topics", "order": 800,
        "function": "+Topics_PaperOption"
    },
    {
        "name": "author_certification", "title": "Author certification", "order": 900,
        "function": "+AuthorCertification_PaperOption"
    },
    {
        "name": "separator", "title": "Section break", "order": 10000,
        "function": "+Separator_PaperOption",
        "placeholders": {"name": "Optional section title"},
        "properties": ["description", "presence", "display"],
        "require_name": false
    }
]
