[
    {   "name": "main", "title": "Profile", "order": 100,
        "unparse_json_function": "UserStatus::unparse_json_main",
        "request_function": "UserStatus::parse_qreq_main",
        "parse_csv_function": "UserStatus::parse_csv_main",
        "save_early_function": "*UserStatus::save_main"
    },
    {
        "name": "__crosscheck/main", "order": 100,
        "crosscheck_function": "UserStatus::crosscheck_main"
    },
    {   "name": "__field/firstName", "label": "First name", "page": "main"   },
    {   "name": "__field/lastName", "label": "Last name", "page": "main"   },
    {   "name": "__field/email", "label": "Email", "page": "main"   },
    {   "name": "__field/uemail", "label": "Email", "page": "main"   },
    {   "name": "__field/affiliation", "label": "Affiliation", "page": "main"   },
    {   "name": "__field/collaborators", "label": "Collaborators", "page": "main"   },
    {   "name": "__field/topics", "label": "Topics", "page": "main"   },

    {
        "name": "__reauthenticate", "autosection": false,
        "print_function": "Security_UserInfo::print_reauthenticate"
    },

    [   "main/main", 1000, "UserStatus::print_main"   ],
    [   "main/country", 3000, "UserStatus::print_country"   ],
    [   "main/roles", 5000, "UserStatus::print_roles"   ],
    [   "main/collaborators", 6000, "UserStatus::print_collaborators"   ],

    {
        "name": "main/topics", "order": 7000, "allow_if": "conf.has_topics",
        "print_function": "UserStatus::print_topics"
    },
    [   "main/tags", 8000, "UserStatus::print_tags"   ],
    {
        "name": "main/administration", "order": 100000,
        "print_function": "UserStatus::print_administration",
        "inputs": false
    },
    {   "name": "topics", "order": 400,
        "save_function": "UserStatus::save_topics"   },


    {   "name": "security", "title": "Security", "order": 200,
        "display_if": "*Security_UserInfo::display_if",
        "print_function": "*Security_UserInfo::print",
        "request_recent_authentication": true,
        "request_function": "*Security_UserInfo::request",
        "save_function": "*Security_UserInfo::save",
        "inputs": false   },
    {   "name": "security/reauthenticate",
        "order": 1, "alias": "__reauthenticate"   },
    {   "name": "security/newpassword", "order": 100,
        "title": "Change password",
        "print_function": "*Security_UserInfo::print_new_password",
        "request_function": "*Security_UserInfo::parse_qreq_new_password",
        "save_function": "Security_UserInfo::save_new_password",
        "autosection": false, "inputs": false   },


    {   "name": "preferences", "title": "Preferences", "order": 300   },
    {
        "name": "preferences/follow", "title": "Email notification", "order": 4000,
        "print_function": "UserStatus::print_follow"
    },


    {   "name": "developer", "title": "Developer settings", "short_title": "Developer",
        "order": 2000,
        "display_if": "*Developer_UserInfo::display_if",
        "request_recent_authentication": true,
        "request_function": "*Developer_UserInfo::request",
        "save_function": "*Developer_UserInfo::save"   },
    {   "name": "developer/reauthenticate",
        "order": 1, "alias": "__reauthenticate"   },
    {   "name": "developer/tokens", "title": "API tokens", "order": 10,
        "print_function": "*Developer_UserInfo::print_bearer_tokens",
        "inputs": false   },
    {   "name": "developer/newtoken", "order": 20,
        "print_function": "*Developer_UserInfo::print_new_bearer_token",
        "request_function": "*Developer_UserInfo::request_new_bearer_token",
        "save_function": "*Developer_UserInfo::save_new_bearer_token",
        "inputs": false   },
    {   "name": "developer/currenttokens", "order": 21,
        "print_function": "*Developer_UserInfo::print_current_bearer_tokens",
        "request_function": "*Developer_UserInfo::request_delete_bearer_tokens",
        "save_function": "*Developer_UserInfo::save_delete_bearer_tokens",
        "inputs": false   },


    [   "__bulk/entry", 100, "UserStatus::print_bulk_entry"   ],
    [   "__bulk/actions", 1000, "UserStatus::print_bulk_actions"   ],
    [   "__bulk/help", 10000, "UserStatus::print_bulk_help"   ],
    {   "name": "__bulk/help/f/email", "order": -100, "description_html": "Email"   },
    {   "name": "__bulk/help/f/name", "order": -90, "description_html": "Name"   },
    {   "name": "__bulk/help/f/first", "order": -85, "description_html": "First name (given name)"   },
    {   "name": "__bulk/help/f/last", "order": -84, "description_html": "Last name (family name)"   },
    {   "name": "__bulk/help/f/affiliation", "order": -83, "description_html": "Affiliation"   },
    {   "name": "__bulk/help/f/collaborators", "order": -82, "description_html": "Collaborators"   },
    {   "name": "__bulk/help/f/user_override", "order": -81, "description_html": "If “<code>yes</code>”, then override existing user profile information (name, affiliation, collaborators)"   },
    {   "name": "__bulk/help/f/roles", "order": -80, "description_html": "Roles: “<code>pc</code>”, “<code>chair</code>”, “<code>sysadmin</code>”, “<code>none</code>”"   },
    {   "name": "__bulk/help/f/tags", "order": -70, "description_html": "PC tags (space-separated)"   },
    {   "name": "__bulk/help/f/add_tags", "order": -65, "description_html": "PC tags to add"   },
    {   "name": "__bulk/help/f/remove_tags", "order": -65, "description_html": "PC tags to remove"   },
    {   "name": "__bulk/help/f/follow", "description_html": "Event notification: blank, “<code>review</code>”, “<code>anyreview</code>”, “<code>none</code>”"   },
    {   "name": "__bulk/help/f/topics", "field": "topic:<TOPICNAME>", "description_html": "Topic interest: blank, “<code>low</code>”, “<code>medium-low</code>”, “<code>medium-high</code>”, or “<code>high</code>”, or numeric (-2 to 2)", "allow_if": "conf.has_topics", "order": 1   },
    {   "name": "__bulk/help/f/topic_override", "field": "topic_override", "description_html": "If “<code>no</code>”, then do not overwrite existing topic interests", "allow_if": "conf.has_topics", "order": 1.2   },
    {   "name": "__bulk/help/f/notify", "description_html": "Notify new accounts (default <code>yes</code>)", "order": 100   }
]
