[
    {
        "legend": "Score",
        "type": "radio",
        "convertible_to": ["dropdown"],
        "required": true,
        "visibility": "au",
        "sample_view": {
            "values": [
                "Option 1",
                "Option 2"
            ]
        }
    },
    {
        "legend": "Text field",
        "type": "text",
        "visibility": "au"
    },
    {
        "legend": "Dropdown score",
        "name": "Field name",
        "type": "dropdown",
        "convertible_to": ["radio"],
        "required": true,
        "visibility": "au",
        "sample_view": {
            "values": [
                "Option 1",
                "Option 2"
            ]
        }
    },
    {
        "legend": "Checkbox",
        "type": "checkbox",
        "visibility": "au"
    },
    {
        "legend": "Attestation",
        "type": "checkbox",
        "visibility": "au",
        "required": true,
        "sample_view": {
            "name": "Attestation",
            "description": "The reviewer must check this box before submitting the review."
        }
    },
    {
        "legend": "Checkboxes",
        "type": "checkboxes",
        "start": "A",
        "visibility": "au",
        "scheme": "observablex",
        "sample_view": {
            "description": "Select zero or more options.",
            "values": [
                "Option 1",
                "Option 2",
                "Option 3"
            ]
        }
    },
    {
        "legend": "Overall merit (1–5, Reject through Strong Accept)",
        "name": "Overall merit",
        "type": "radio",
        "convertible_to": ["dropdown"],
        "values": [
            "Reject",
            "Weak reject",
            "Weak accept",
            "Accept",
            "Strong accept"
        ],
        "required": true,
        "visibility": "au"
    },
    {
        "legend": "Overall merit (A–D, Identify the Champion)",
        "name": "Overall merit",
        "type": "radio",
        "convertible_to": ["dropdown"],
        "values": [
            "Reject",
            "Weak paper, though I will not fight strongly against it",
            "OK paper, but I will not champion it",
            "Good paper, I will champion it"
        ],
        "start": "A",
        "flip": true,
        "required": true,
        "visibility": "au",
        "scheme": "svr"
    },
    {
        "legend": "Overall merit (1–5, percentage rankings)",
        "name": "Overall merit",
        "type": "radio",
        "convertible_to": ["dropdown"],
        "values": [
            "Bottom 50% of submitted papers",
            "Top 50% but not top 25% of submitted papers",
            "Top 25% but not top 10% of submitted papers",
            "Top 10% but not top 5% of submitted papers",
            "Top 5% of submitted papers!"
        ],
        "required": true,
        "visibility": "au"
    },
    {
        "legend": "Reviewer confidence (1–3, Low through High)",
        "name": "Reviewer confidence",
        "type": "radio",
        "convertible_to": ["dropdown"],
        "values": [
            "Low",
            "Medium",
            "High"
        ],
        "required": true,
        "visibility": "au",
        "scheme": "buor"
    },
    {
        "legend": "Reviewer expertise (1–5)",
        "name": "Reviewer expertise",
        "type": "radio",
        "convertible_to": ["dropdown"],
        "values": [
             "I know nothing about this area",
             "I have passing familiarity with this area",
             "I know the material, but am not an expert",
             "I know a lot about this area",
             "This is my area"
        ],
        "required": true,
        "visibility": "au",
        "scheme": "buor"
    },
    {
        "legend": "Confidence (X–Z, Identify the Champion)",
        "name": "Confidence",
        "type": "radio",
        "convertible_to": ["dropdown"],
        "values": [
            "I am not an expert; my evaluation is that of an informed outsider",
            "I am knowledgeable in this area, but not an expert",
            "I am an expert in this area"
        ],
        "start": "X",
        "flip": true,
        "required": true,
        "visibility": "au",
        "scheme": "orbu"
    },
    {
        "legend": "Paper summary",
        "name": "Paper summary",
        "type": "text",
        "description": "Please summarize the paper’s main results in your own words. This will frame the review and show that you have understood the paper’s intent.",
        "visibility": "au"
    },
    {
        "legend": "Paper summary (shorter description)",
        "name": "Paper summary",
        "type": "text",
        "description": "Please summarize the paper briefly in your own words.",
        "visibility": "au"
    },
    {
        "legend": "Comments for authors",
        "name": "Comments for authors",
        "type": "text",
        "visibility": "au"
    },
    {
        "legend": "Comments for PC",
        "name": "Comments for PC",
        "type": "text",
        "visibility": "re"
    },
    {
        "legend": "Response questions",
        "name": "Questions for authors’ response",
        "type": "text",
        "description": "Specific questions that could affect your accept/reject decision. Remember that the authors have limited space and must respond to all reviewers.",
        "visibility": "au"
    },
    {
        "legend": "Novelty (1–4)",
        "name": "Novelty",
        "type": "radio",
        "convertible_to": ["dropdown"],
        "values": [
             "Published before or openly commercialized",
             "Incremental improvement",
             "New contribution",
             "Surprisingly new contribution"
        ],
        "required": true,
        "visibility": "au"
    },
    {
        "legend": "Writing quality (1–5)",
        "name": "Writing quality",
        "type": "radio",
        "convertible_to": ["dropdown"],
        "values": [
             "Unacceptable",
             "Needs improvement",
             "Adequate",
             "Well-written",
             "Outstanding"
        ],
        "required": true,
        "visibility": "au"
    },
    {
        "legend": "Experimental methodology (1–5)",
        "name": "Experimental methodology",
        "type": "radio",
        "convertible_to": ["dropdown"],
        "values": [
             "Unacceptable",
             "Poor",
             "Average",
             "Good",
             "Excellent"
        ],
        "required": true,
        "visibility": "au"
    },

    {
        "legend": "Strengths",
        "name": "Strengths",
        "type": "text",
        "description": "What are the paper’s important strengths? Just a couple sentences, please.",
        "visibility": "au"
    },
    {
        "legend": "Weaknesses",
        "name": "Weaknesses",
        "type": "text",
        "description": "What are the paper’s important weaknesses? Just a couple sentences, please.",
        "visibility": "au"
    }
]
